series,lecture,rule,count,proposed,build_risk
lecture-python-intro,about,qe-link-002,1,0,0
lecture-python-intro,about,qe-writing-001,2,0,0
lecture-python-intro,ar1_processes,qe-code-002,10,0,0
lecture-python-intro,ar1_processes,qe-fig-001,1,0,0
lecture-python-intro,ar1_processes,qe-fig-005,6,0,0
lecture-python-intro,ar1_processes,qe-fig-008,9,0,0
lecture-python-intro,ar1_processes,qe-math-010,2,1,0
lecture-python-intro,ar1_processes,qe-ref-001,1,0,0
lecture-python-intro,ar1_processes,qe-writing-001,3,0,0
lecture-python-intro,ar1_processes,qe-writing-008,1,0,0
lecture-python-intro,ar1_processes,qe-writing-009,1,1,0
lecture-python-intro,bayes_intro,qe-code-002,8,0,0
lecture-python-intro,bayes_intro,qe-fig-001,3,0,0
lecture-python-intro,bayes_intro,qe-fig-003,2,0,0
lecture-python-intro,bayes_intro,qe-fig-005,10,0,0
lecture-python-intro,bivariate_dist,qe-code-002,1,0,0
lecture-python-intro,bivariate_dist,qe-code-003,1,0,0
lecture-python-intro,bivariate_dist,qe-fig-001,5,0,0
lecture-python-intro,bivariate_dist,qe-fig-003,8,0,0
lecture-python-intro,bivariate_dist,qe-fig-005,1,0,0
lecture-python-intro,bivariate_dist,qe-fig-006,2,0,0
lecture-python-intro,bivariate_dist,qe-fig-008,2,0,0
lecture-python-intro,bivariate_dist,qe-math-010,15,1,0
lecture-python-intro,business_cycle,qe-code-003,1,0,0
lecture-python-intro,business_cycle,qe-fig-001,1,0,0
lecture-python-intro,business_cycle,qe-fig-004,2,0,0
lecture-python-intro,business_cycle,qe-fig-006,1,0,0
lecture-python-intro,business_cycle,qe-fig-008,2,0,0
lecture-python-intro,business_cycle,qe-writing-001,1,0,0
lecture-python-intro,business_cycle,qe-writing-004,1,0,0
lecture-python-intro,cagan_adaptive,qe-fig-001,4,0,0
lecture-python-intro,cagan_adaptive,qe-fig-003,1,0,0
lecture-python-intro,cagan_adaptive,qe-fig-005,4,0,0
lecture-python-intro,cagan_adaptive,qe-fig-008,12,0,0
lecture-python-intro,cagan_adaptive,qe-ref-001,1,0,0
lecture-python-intro,cagan_adaptive,qe-writing-008,32,0,0
lecture-python-intro,cagan_ree,qe-fig-001,3,0,0
lecture-python-intro,cagan_ree,qe-fig-005,4,0,0
lecture-python-intro,cagan_ree,qe-fig-008,5,0,0
lecture-python-intro,cagan_ree,qe-writing-001,1,0,0
lecture-python-intro,cagan_ree,qe-writing-004,2,0,0
lecture-python-intro,cagan_ree,qe-writing-008,1,0,0
lecture-python-intro,cobweb,qe-fig-001,2,0,0
lecture-python-intro,cobweb,qe-fig-003,1,0,0
lecture-python-intro,cobweb,qe-fig-005,2,0,0
lecture-python-intro,cobweb,qe-fig-008,7,0,0
lecture-python-intro,commod_price,qe-code-002,2,0,0
lecture-python-intro,commod_price,qe-fig-005,3,0,0
lecture-python-intro,commod_price,qe-fig-008,2,0,0
lecture-python-intro,complex_and_trig,qe-fig-001,3,0,0
lecture-python-intro,complex_and_trig,qe-fig-003,1,0,0
lecture-python-intro,complex_and_trig,qe-fig-005,2,0,0
lecture-python-intro,complex_and_trig,qe-fig-007,2,0,0
lecture-python-intro,complex_and_trig,qe-fig-008,5,0,0
lecture-python-intro,complex_and_trig,qe-writing-001,2,0,0
lecture-python-intro,complex_and_trig,qe-writing-006,6,0,0
lecture-python-intro,complex_and_trig,qe-writing-008,2,0,0
lecture-python-intro,cons_smooth,qe-fig-001,3,0,0
lecture-python-intro,cons_smooth,qe-fig-005,7,0,0
lecture-python-intro,cons_smooth,qe-fig-006,1,0,0
lecture-python-intro,cons_smooth,qe-fig-008,10,0,0
lecture-python-intro,cons_smooth,qe-ref-001,1,0,0
lecture-python-intro,cons_smooth,qe-writing-001,2,0,0
lecture-python-intro,cons_smooth,qe-writing-008,86,0,0
lecture-python-intro,eigen_I,qe-fig-001,6,0,0
lecture-python-intro,eigen_I,qe-fig-003,7,0,0
lecture-python-intro,eigen_I,qe-fig-005,7,0,0
lecture-python-intro,eigen_I,qe-fig-006,1,0,0
lecture-python-intro,eigen_I,qe-fig-007,6,0,0
lecture-python-intro,eigen_I,qe-fig-008,3,0,0
lecture-python-intro,eigen_I,qe-writing-004,5,0,0
lecture-python-intro,eigen_I,qe-writing-006,1,0,0
lecture-python-intro,eigen_II,qe-ref-001,1,0,0
lecture-python-intro,eigen_II,qe-writing-001,1,0,0
lecture-python-intro,eigen_II,qe-writing-004,2,0,0
lecture-python-intro,eigen_II,qe-writing-008,1,0,0
lecture-python-intro,equalizing_difference,qe-code-002,9,0,0
lecture-python-intro,equalizing_difference,qe-fig-005,7,0,0
lecture-python-intro,equalizing_difference,qe-fig-006,5,0,0
lecture-python-intro,equalizing_difference,qe-fig-008,8,0,0
lecture-python-intro,equalizing_difference,qe-math-001,2,0,0
lecture-python-intro,equalizing_difference,qe-ref-001,1,0,0
lecture-python-intro,equalizing_difference,qe-writing-008,42,0,0
lecture-python-intro,fitting_distributions,qe-fig-005,2,0,0
lecture-python-intro,fitting_distributions,qe-fig-008,2,0,0
lecture-python-intro,french_rev,qe-fig-001,3,0,0
lecture-python-intro,french_rev,qe-fig-004,19,0,0
lecture-python-intro,french_rev,qe-fig-005,3,0,0
lecture-python-intro,french_rev,qe-fig-006,6,0,0
lecture-python-intro,french_rev,qe-fig-007,30,0,0
lecture-python-intro,french_rev,qe-fig-008,28,0,0
lecture-python-intro,french_rev,qe-ref-001,5,0,0
lecture-python-intro,french_rev,qe-writing-001,2,0,0
lecture-python-intro,french_rev,qe-writing-004,1,0,0
lecture-python-intro,french_rev,qe-writing-006,5,0,0
lecture-python-intro,french_rev,qe-writing-008,89,0,0
lecture-python-intro,geom_series,qe-fig-001,5,0,0
lecture-python-intro,geom_series,qe-fig-003,1,0,0
lecture-python-intro,geom_series,qe-fig-004,4,0,0
lecture-python-intro,geom_series,qe-fig-005,4,0,0
lecture-python-intro,geom_series,qe-fig-006,9,0,0
lecture-python-intro,geom_series,qe-fig-008,13,0,0
lecture-python-intro,geom_series,qe-math-002,1,0,0
lecture-python-intro,geom_series,qe-writing-001,2,0,0
lecture-python-intro,geom_series,qe-writing-006,3,0,0
lecture-python-intro,geom_series,qe-writing-008,1,0,0
lecture-python-intro,greek_square,qe-fig-001,2,0,0
lecture-python-intro,greek_square,qe-fig-003,2,0,0
lecture-python-intro,greek_square,qe-fig-005,2,0,0
lecture-python-intro,greek_square,qe-math-004,4,0,0
lecture-python-intro,greek_square,qe-ref-001,1,0,0
lecture-python-intro,greek_square,qe-writing-001,2,0,0
lecture-python-intro,greek_square,qe-writing-006,1,0,0
lecture-python-intro,greek_square,qe-writing-008,45,0,0
lecture-python-intro,heavy_tails,qe-code-002,4,0,0
lecture-python-intro,heavy_tails,qe-fig-001,8,0,0
lecture-python-intro,heavy_tails,qe-fig-003,4,0,0
lecture-python-intro,heavy_tails,qe-fig-004,3,0,0
lecture-python-intro,heavy_tails,qe-fig-005,4,0,0
lecture-python-intro,heavy_tails,qe-fig-008,13,0,0
lecture-python-intro,heavy_tails,qe-link-001,1,0,0
lecture-python-intro,heavy_tails,qe-math-010,23,1,0
lecture-python-intro,heavy_tails,qe-writing-001,4,0,0
lecture-python-intro,heavy_tails,qe-writing-008,6,0,0
lecture-python-intro,inequality,qe-code-004,2,0,0
lecture-python-intro,inequality,qe-fig-003,1,0,0
lecture-python-intro,inequality,qe-fig-004,4,0,0
lecture-python-intro,inequality,qe-fig-005,5,0,0
lecture-python-intro,inequality,qe-fig-008,13,0,0
lecture-python-intro,inequality,qe-math-012,1,1,0
lecture-python-intro,inequality,qe-writing-001,2,0,0
lecture-python-intro,inequality,qe-writing-004,3,0,0
lecture-python-intro,inequality,qe-writing-006,1,0,0
lecture-python-intro,inequality,qe-writing-008,1,0,0
lecture-python-intro,inflation_history,qe-code-003,2,0,0
lecture-python-intro,inflation_history,qe-fig-001,4,0,0
lecture-python-intro,inflation_history,qe-fig-004,9,0,0
lecture-python-intro,inflation_history,qe-fig-005,4,0,0
lecture-python-intro,inflation_history,qe-fig-006,9,0,0
lecture-python-intro,inflation_history,qe-ref-001,4,0,0
lecture-python-intro,inflation_history,qe-writing-001,5,0,0
lecture-python-intro,inflation_history,qe-writing-004,2,0,0
lecture-python-intro,inflation_history,qe-writing-008,6,0,0
lecture-python-intro,input_output,qe-code-002,2,0,0
lecture-python-intro,input_output,qe-fig-001,2,0,0
lecture-python-intro,input_output,qe-fig-005,5,0,0
lecture-python-intro,input_output,qe-fig-006,1,0,0
lecture-python-intro,input_output,qe-fig-008,7,0,0
lecture-python-intro,input_output,qe-ref-001,2,0,0
lecture-python-intro,input_output,qe-writing-008,12,0,0
lecture-python-intro,intro_supply_demand,qe-fig-004,2,0,0
lecture-python-intro,intro_supply_demand,qe-fig-005,2,0,0
lecture-python-intro,intro_supply_demand,qe-fig-008,12,0,0
lecture-python-intro,intro_supply_demand,qe-link-002,4,0,0
lecture-python-intro,intro_supply_demand,qe-writing-004,2,0,0
lecture-python-intro,intro_supply_demand,qe-writing-008,7,0,0
lecture-python-intro,laffer_adaptive,qe-fig-001,2,0,0
lecture-python-intro,laffer_adaptive,qe-fig-004,2,0,0
lecture-python-intro,laffer_adaptive,qe-fig-005,2,0,0
lecture-python-intro,laffer_adaptive,qe-fig-008,7,0,0
lecture-python-intro,laffer_adaptive,qe-ref-001,4,0,0
lecture-python-intro,laffer_adaptive,qe-writing-001,1,0,0
lecture-python-intro,laffer_adaptive,qe-writing-008,31,0,0
lecture-python-intro,lake_model,qe-fig-001,4,0,0
lecture-python-intro,lake_model,qe-fig-002,1,0,0
lecture-python-intro,lake_model,qe-fig-003,4,0,0
lecture-python-intro,lake_model,qe-fig-005,3,0,0
lecture-python-intro,lake_model,qe-fig-007,1,0,0
lecture-python-intro,lake_model,qe-fig-008,2,0,0
lecture-python-intro,lake_model,qe-writing-006,1,0,0
lecture-python-intro,linear_equations,qe-fig-005,5,0,0
lecture-python-intro,linear_equations,qe-fig-007,3,0,0
lecture-python-intro,linear_equations,qe-fig-008,4,0,0
lecture-python-intro,linear_equations,qe-link-002,5,0,0
lecture-python-intro,linear_equations,qe-math-002,2,0,0
lecture-python-intro,linear_equations,qe-math-003,1,0,0
lecture-python-intro,linear_equations,qe-writing-001,1,0,0
lecture-python-intro,lln_clt,qe-fig-001,3,0,0
lecture-python-intro,lln_clt,qe-fig-005,3,0,0
lecture-python-intro,lln_clt,qe-link-002,1,0,0
lecture-python-intro,lln_clt,qe-math-004,1,0,0
lecture-python-intro,lln_clt,qe-math-008,1,0,0
lecture-python-intro,lln_clt,qe-math-010,21,1,0
lecture-python-intro,long_run_growth,qe-fig-001,3,0,0
lecture-python-intro,long_run_growth,qe-fig-002,1,0,0
lecture-python-intro,long_run_growth,qe-fig-004,5,0,0
lecture-python-intro,long_run_growth,qe-fig-005,2,0,0
lecture-python-intro,long_run_growth,qe-ref-001,2,0,0
lecture-python-intro,long_run_growth,qe-writing-001,2,0,0
lecture-python-intro,long_run_growth,qe-writing-008,7,0,0
lecture-python-intro,lp_intro,qe-fig-005,1,0,0
lecture-python-intro,lp_intro,qe-fig-008,3,0,0
lecture-python-intro,lp_intro,qe-math-002,9,0,0
lecture-python-intro,lp_intro,qe-writing-001,4,0,0
lecture-python-intro,lp_intro,qe-writing-004,3,0,0
lecture-python-intro,lp_intro,qe-writing-008,36,0,0
lecture-python-intro,markov_chains_I,qe-code-004,2,0,0
lecture-python-intro,markov_chains_I,qe-fig-002,2,0,0
lecture-python-intro,markov_chains_I,qe-fig-005,2,0,0
lecture-python-intro,markov_chains_I,qe-fig-008,1,0,0
lecture-python-intro,markov_chains_I,qe-link-002,1,0,0
lecture-python-intro,markov_chains_I,qe-math-003,1,0,0
lecture-python-intro,markov_chains_I,qe-math-004,7,0,0
lecture-python-intro,markov_chains_I,qe-math-010,15,1,0
lecture-python-intro,markov_chains_I,qe-ref-001,1,0,0
lecture-python-intro,markov_chains_I,qe-writing-001,1,0,0
lecture-python-intro,markov_chains_I,qe-writing-008,15,0,0
lecture-python-intro,markov_chains_II,qe-fig-002,3,0,0
lecture-python-intro,markov_chains_II,qe-fig-005,5,0,0
lecture-python-intro,markov_chains_II,qe-fig-008,5,0,0
lecture-python-intro,markov_chains_II,qe-ref-001,2,0,0
lecture-python-intro,markov_chains_II,qe-writing-008,5,0,0
lecture-python-intro,mle,qe-fig-005,8,0,0
lecture-python-intro,mle,qe-writing-004,2,0,0
lecture-python-intro,mle,qe-writing-008,1,0,0
lecture-python-intro,mobility,qe-fig-001,1,0,0
lecture-python-intro,mobility,qe-fig-003,1,0,0
lecture-python-intro,mobility,qe-fig-004,1,0,0
lecture-python-intro,mobility,qe-fig-005,1,0,0
lecture-python-intro,mobility,qe-math-010,4,1,0
lecture-python-intro,mobility,qe-ref-001,19,0,0
lecture-python-intro,mobility,qe-writing-004,2,0,0
lecture-python-intro,mobility,qe-writing-006,1,0,0
lecture-python-intro,money_inflation,qe-fig-001,4,0,0
lecture-python-intro,money_inflation,qe-fig-004,3,0,0
lecture-python-intro,money_inflation,qe-fig-005,3,0,0
lecture-python-intro,money_inflation,qe-fig-008,10,0,0
lecture-python-intro,money_inflation,qe-math-001,2,0,0
lecture-python-intro,money_inflation,qe-writing-001,1,0,0
lecture-python-intro,money_inflation,qe-writing-004,1,0,0
lecture-python-intro,money_inflation,qe-writing-008,90,0,0
lecture-python-intro,money_inflation_nonlinear,qe-fig-001,1,0,0
lecture-python-intro,money_inflation_nonlinear,qe-fig-004,2,0,0
lecture-python-intro,money_inflation_nonlinear,qe-fig-005,4,0,0
lecture-python-intro,money_inflation_nonlinear,qe-fig-008,9,0,0
lecture-python-intro,money_inflation_nonlinear,qe-writing-001,1,0,0
lecture-python-intro,money_inflation_nonlinear,qe-writing-006,6,0,0
lecture-python-intro,money_inflation_nonlinear,qe-writing-008,37,0,0
lecture-python-intro,monte_carlo,qe-code-004,8,0,0
lecture-python-intro,monte_carlo,qe-fig-003,1,0,0
lecture-python-intro,monte_carlo,qe-fig-005,1,0,0
lecture-python-intro,monte_carlo,qe-fig-008,1,0,0
lecture-python-intro,monte_carlo,qe-math-010,10,1,0
lecture-python-intro,monte_carlo,qe-writing-006,1,0,0
lecture-python-intro,monte_carlo,qe-writing-008,2,0,0
lecture-python-intro,msy_fishery,qe-fig-001,4,0,0
lecture-python-intro,msy_fishery,qe-fig-004,2,0,0
lecture-python-intro,msy_fishery,qe-fig-005,2,0,0
lecture-python-intro,msy_fishery,qe-fig-008,4,0,0
lecture-python-intro,msy_fishery,qe-writing-001,1,0,0
lecture-python-intro,msy_fishery,qe-writing-006,1,0,0
lecture-python-intro,networks,qe-code-003,1,0,0
lecture-python-intro,networks,qe-fig-001,2,0,0
lecture-python-intro,networks,qe-fig-002,5,0,0
lecture-python-intro,networks,qe-fig-004,3,0,0
lecture-python-intro,networks,qe-fig-005,5,0,0
lecture-python-intro,networks,qe-math-003,3,0,0
lecture-python-intro,networks,qe-math-004,3,0,0
lecture-python-intro,networks,qe-ref-001,3,0,0
lecture-python-intro,networks,qe-writing-004,1,0,0
lecture-python-intro,networks,qe-writing-006,2,0,0
lecture-python-intro,networks,qe-writing-008,3,0,0
lecture-python-intro,observed_distributions,qe-fig-004,4,0,0
lecture-python-intro,observed_distributions,qe-fig-005,1,0,0
lecture-python-intro,observed_distributions,qe-fig-008,3,0,0
lecture-python-intro,observed_distributions,qe-writing-001,1,0,0
lecture-python-intro,observed_distributions,qe-writing-008,1,0,0
lecture-python-intro,olg,qe-fig-001,2,0,0
lecture-python-intro,olg,qe-fig-005,6,0,0
lecture-python-intro,olg,qe-fig-008,11,0,0
lecture-python-intro,olg,qe-link-001,1,0,0
lecture-python-intro,olg,qe-link-002,1,0,0
lecture-python-intro,olg,qe-writing-008,3,0,0
lecture-python-intro,prob_dist,qe-code-002,8,0,0
lecture-python-intro,prob_dist,qe-fig-005,1,0,0
lecture-python-intro,prob_dist,qe-fig-008,4,0,0
lecture-python-intro,prob_dist,qe-math-010,3,1,0
lecture-python-intro,prob_dist,qe-writing-008,1,0,0
lecture-python-intro,pv,qe-fig-005,6,0,0
lecture-python-intro,pv,qe-fig-008,6,0,0
lecture-python-intro,pv,qe-writing-001,1,0,0
lecture-python-intro,pv,qe-writing-004,1,0,0
lecture-python-intro,pv,qe-writing-008,39,0,0
lecture-python-intro,scalar_dynam,qe-code-002,4,0,0
lecture-python-intro,scalar_dynam,qe-fig-007,1,0,0
lecture-python-intro,scalar_dynam,qe-fig-008,2,0,0
lecture-python-intro,scalar_dynam,qe-writing-001,2,0,0
lecture-python-intro,scalar_dynam,qe-writing-008,1,0,0
lecture-python-intro,schelling,qe-fig-003,1,0,0
lecture-python-intro,schelling,qe-fig-008,3,0,0
lecture-python-intro,schelling,qe-link-002,1,0,0
lecture-python-intro,schelling,qe-writing-008,1,0,0
lecture-python-intro,short_path,qe-fig-002,4,0,0
lecture-python-intro,short_path,qe-fig-005,4,0,0
lecture-python-intro,simple_linear_regression,qe-admon-002,1,0,0
lecture-python-intro,simple_linear_regression,qe-fig-004,3,0,0
lecture-python-intro,simple_linear_regression,qe-fig-005,5,0,0
lecture-python-intro,simple_linear_regression,qe-math-012,1,1,0
lecture-python-intro,simple_linear_regression,qe-writing-004,3,0,0
lecture-python-intro,simple_linear_regression,qe-writing-008,3,0,0
lecture-python-intro,solow,qe-fig-001,4,0,0
lecture-python-intro,solow,qe-fig-005,1,0,0
lecture-python-intro,solow,qe-fig-008,10,0,0
lecture-python-intro,solow,qe-math-005,2,0,0
lecture-python-intro,solow,qe-writing-001,1,0,0
lecture-python-intro,solow,qe-writing-004,1,0,0
lecture-python-intro,solow,qe-writing-008,6,0,0
lecture-python-intro,supply_demand_heterogeneity,qe-code-002,3,0,0
lecture-python-intro,supply_demand_heterogeneity,qe-writing-008,6,0,0
lecture-python-intro,supply_demand_multiple_goods,qe-code-002,3,0,0
lecture-python-intro,supply_demand_multiple_goods,qe-fig-006,4,0,0
lecture-python-intro,supply_demand_multiple_goods,qe-fig-008,5,0,0
lecture-python-intro,supply_demand_multiple_goods,qe-writing-001,1,0,0
lecture-python-intro,supply_demand_multiple_goods,qe-writing-004,1,0,0
lecture-python-intro,supply_demand_multiple_goods,qe-writing-006,1,0,0
lecture-python-intro,supply_demand_multiple_goods,qe-writing-008,10,0,0
lecture-python-intro,tax_smooth,qe-fig-001,3,0,0
lecture-python-intro,tax_smooth,qe-fig-005,6,0,0
lecture-python-intro,tax_smooth,qe-fig-006,1,0,0
lecture-python-intro,tax_smooth,qe-fig-008,9,0,0
lecture-python-intro,tax_smooth,qe-writing-001,2,0,0
lecture-python-intro,tax_smooth,qe-writing-006,1,0,0
lecture-python-intro,tax_smooth,qe-writing-008,21,0,0
lecture-python-intro,time_series_with_matrices,qe-fig-001,1,0,0
lecture-python-intro,time_series_with_matrices,qe-fig-005,9,0,0
lecture-python-intro,time_series_with_matrices,qe-fig-008,9,0,0
lecture-python-intro,time_series_with_matrices,qe-link-002,3,0,0
lecture-python-intro,time_series_with_matrices,qe-math-003,7,0,0
lecture-python-intro,time_series_with_matrices,qe-math-011,1,1,0
lecture-python-intro,time_series_with_matrices,qe-writing-001,2,0,0
lecture-python-intro,time_series_with_matrices,qe-writing-004,7,0,0
lecture-python-intro,time_series_with_matrices,qe-writing-008,27,0,0
lecture-python-intro,troubleshooting,qe-fig-005,1,0,0
lecture-python-intro,troubleshooting,qe-link-002,1,0,0
lecture-python-intro,troubleshooting,qe-writing-001,1,0,0
lecture-python-intro,troubleshooting,qe-writing-008,1,0,0
lecture-python-intro,unpleasant,qe-fig-001,2,0,0
lecture-python-intro,unpleasant,qe-fig-003,1,0,0
lecture-python-intro,unpleasant,qe-fig-004,1,0,0
lecture-python-intro,unpleasant,qe-fig-005,3,0,0
lecture-python-intro,unpleasant,qe-fig-008,5,0,0
lecture-python-intro,unpleasant,qe-math-002,1,0,0
lecture-python-intro,unpleasant,qe-writing-001,1,0,0
lecture-python-intro,unpleasant,qe-writing-006,2,0,0
lecture-python-intro,unpleasant,qe-writing-008,31,0,0
lecture-python-programming,about_py,qe-fig-005,5,0,0
lecture-python-programming,about_py,qe-link-002,2,0,0
lecture-python-programming,about_py,qe-writing-001,1,0,0
lecture-python-programming,about_py,qe-writing-006,10,0,0
lecture-python-programming,autodiff,qe-fig-005,11,0,0
lecture-python-programming,autodiff,qe-fig-008,14,0,0
lecture-python-programming,autodiff,qe-math-002,3,0,0
lecture-python-programming,autodiff,qe-writing-006,1,0,0
lecture-python-programming,autodiff,qe-writing-008,1,0,0
lecture-python-programming,debugging,qe-fig-008,5,0,0
lecture-python-programming,debugging,qe-writing-001,1,0,0
lecture-python-programming,debugging,qe-writing-006,6,0,0
lecture-python-programming,debugging,qe-writing-008,1,0,0
lecture-python-programming,functions,qe-fig-005,4,0,0
lecture-python-programming,functions,qe-fig-008,5,0,0
lecture-python-programming,functions,qe-writing-006,13,0,0
lecture-python-programming,functions,qe-writing-008,1,0,0
lecture-python-programming,getting_started,qe-fig-005,12,0,0
lecture-python-programming,getting_started,qe-writing-006,17,0,0
lecture-python-programming,getting_started,qe-writing-008,1,0,0
lecture-python-programming,jax_intro,qe-fig-001,1,0,0
lecture-python-programming,jax_intro,qe-fig-003,1,0,0
lecture-python-programming,jax_intro,qe-fig-005,2,0,0
lecture-python-programming,jax_intro,qe-fig-008,2,0,0
lecture-python-programming,jax_intro,qe-writing-001,3,0,0
lecture-python-programming,jax_intro,qe-writing-006,9,0,0
lecture-python-programming,jax_intro,qe-writing-008,1,0,0
lecture-python-programming,matplotlib,qe-code-003,1,0,0
lecture-python-programming,matplotlib,qe-fig-001,8,0,0
lecture-python-programming,matplotlib,qe-fig-002,1,0,0
lecture-python-programming,matplotlib,qe-fig-003,3,0,0
lecture-python-programming,matplotlib,qe-fig-005,13,0,0
lecture-python-programming,matplotlib,qe-fig-007,1,0,0
lecture-python-programming,matplotlib,qe-fig-008,2,0,0
lecture-python-programming,matplotlib,qe-writing-004,1,0,0
lecture-python-programming,matplotlib,qe-writing-006,9,0,0
lecture-python-programming,names,qe-fig-002,9,0,0
lecture-python-programming,names,qe-fig-005,9,0,0
lecture-python-programming,names,qe-writing-006,8,0,0
lecture-python-programming,names,qe-writing-008,1,0,0
lecture-python-programming,need_for_speed,qe-fig-005,3,0,0
lecture-python-programming,need_for_speed,qe-writing-001,2,0,0
lecture-python-programming,need_for_speed,qe-writing-006,10,0,0
lecture-python-programming,numba,qe-fig-002,1,0,0
lecture-python-programming,numba,qe-fig-005,4,0,0
lecture-python-programming,numba,qe-fig-008,2,0,0
lecture-python-programming,numba,qe-link-002,1,0,0
lecture-python-programming,numba,qe-math-010,2,1,0
lecture-python-programming,numba,qe-writing-001,2,0,0
lecture-python-programming,numba,qe-writing-006,6,0,0
lecture-python-programming,numba,qe-writing-008,3,0,0
lecture-python-programming,numpy,qe-code-003,1,0,0
lecture-python-programming,numpy,qe-fig-001,4,0,0
lecture-python-programming,numpy,qe-fig-005,2,0,0
lecture-python-programming,numpy,qe-fig-008,13,0,0
lecture-python-programming,numpy,qe-math-010,1,1,0
lecture-python-programming,numpy,qe-writing-001,3,0,0
lecture-python-programming,numpy,qe-writing-006,12,0,0
lecture-python-programming,numpy,qe-writing-008,4,0,0
lecture-python-programming,numpy_vs_numba_vs_jax,qe-fig-001,1,0,0
lecture-python-programming,numpy_vs_numba_vs_jax,qe-fig-005,1,0,0
lecture-python-programming,numpy_vs_numba_vs_jax,qe-writing-001,1,0,0
lecture-python-programming,numpy_vs_numba_vs_jax,qe-writing-006,7,0,0
lecture-python-programming,oop_intro,qe-writing-006,3,0,0
lecture-python-programming,oop_intro,qe-writing-008,1,0,0
lecture-python-programming,pandas,qe-fig-001,2,0,0
lecture-python-programming,pandas,qe-fig-002,3,0,0
lecture-python-programming,pandas,qe-fig-005,8,0,0
lecture-python-programming,pandas,qe-fig-008,1,0,0
lecture-python-programming,pandas,qe-writing-004,2,0,0
lecture-python-programming,pandas,qe-writing-006,8,0,0
lecture-python-programming,pandas,qe-writing-008,1,0,0
lecture-python-programming,pandas_panel,qe-fig-001,1,0,0
lecture-python-programming,pandas_panel,qe-fig-002,1,0,0
lecture-python-programming,pandas_panel,qe-fig-003,4,0,0
lecture-python-programming,pandas_panel,qe-fig-005,8,0,0
lecture-python-programming,pandas_panel,qe-fig-006,5,0,0
lecture-python-programming,pandas_panel,qe-writing-001,1,0,0
lecture-python-programming,pandas_panel,qe-writing-006,4,0,0
lecture-python-programming,polars,qe-code-004,10,0,0
lecture-python-programming,polars,qe-fig-001,2,0,0
lecture-python-programming,polars,qe-fig-003,1,0,0
lecture-python-programming,polars,qe-fig-005,4,0,0
lecture-python-programming,polars,qe-fig-008,1,0,0
lecture-python-programming,polars,qe-writing-001,4,0,0
lecture-python-programming,polars,qe-writing-004,2,0,0
lecture-python-programming,python_advanced_features,qe-fig-005,1,0,0
lecture-python-programming,python_advanced_features,qe-fig-008,1,0,0
lecture-python-programming,python_advanced_features,qe-writing-001,2,0,0
lecture-python-programming,python_advanced_features,qe-writing-008,2,0,0
lecture-python-programming,python_by_example,qe-admon-003,2,0,1
lecture-python-programming,python_by_example,qe-fig-005,11,0,0
lecture-python-programming,python_by_example,qe-fig-008,10,0,0
lecture-python-programming,python_by_example,qe-math-012,1,1,0
lecture-python-programming,python_by_example,qe-writing-001,1,0,0
lecture-python-programming,python_by_example,qe-writing-006,10,0,0
lecture-python-programming,python_by_example,qe-writing-008,3,0,0
lecture-python-programming,python_essentials,qe-writing-001,2,0,0
lecture-python-programming,python_essentials,qe-writing-004,1,0,0
lecture-python-programming,python_essentials,qe-writing-006,14,0,0
lecture-python-programming,python_oop,qe-fig-001,1,0,0
lecture-python-programming,python_oop,qe-fig-005,4,0,0
lecture-python-programming,python_oop,qe-fig-008,2,0,0
lecture-python-programming,python_oop,qe-writing-004,4,0,0
lecture-python-programming,python_oop,qe-writing-006,8,0,0
lecture-python-programming,python_oop,qe-writing-008,16,0,0
lecture-python-programming,scipy,qe-code-002,4,0,0
lecture-python-programming,scipy,qe-fig-005,4,0,0
lecture-python-programming,scipy,qe-fig-008,2,0,0
lecture-python-programming,scipy,qe-math-010,2,1,0
lecture-python-programming,scipy,qe-writing-001,2,0,0
lecture-python-programming,scipy,qe-writing-006,8,0,0
lecture-python-programming,scipy,qe-writing-008,4,0,0
lecture-python-programming,status,qe-code-003,1,0,0
lecture-python-programming,sympy,qe-link-002,3,0,0
lecture-python-programming,sympy,qe-math-001,4,0,0
lecture-python-programming,sympy,qe-writing-006,3,0,0
lecture-python-programming,troubleshooting,qe-fig-005,1,0,0
lecture-python-programming,troubleshooting,qe-writing-001,1,0,0
lecture-python-programming,troubleshooting,qe-writing-006,2,0,0
lecture-python-programming,troubleshooting,qe-writing-008,1,0,0
lecture-python-programming,workspace,qe-fig-003,2,0,0
lecture-python-programming,workspace,qe-fig-005,17,0,0
lecture-python-programming,workspace,qe-fig-008,2,0,0
lecture-python-programming,workspace,qe-writing-004,4,0,0
lecture-python-programming,workspace,qe-writing-006,1,0,0
lecture-python-programming,writing_good_code,qe-fig-001,2,0,0
lecture-python-programming,writing_good_code,qe-fig-005,4,0,0
lecture-python-programming,writing_good_code,qe-fig-008,4,0,0
lecture-python-programming,writing_good_code,qe-writing-001,3,0,0
lecture-python-programming,writing_good_code,qe-writing-006,9,0,0
lecture-python-programming,writing_good_code,qe-writing-008,2,0,0
lecture-python.myst,affine_risk_prices,qe-fig-001,5,0,0
lecture-python.myst,affine_risk_prices,qe-fig-004,4,0,0
lecture-python.myst,affine_risk_prices,qe-fig-006,16,0,0
lecture-python.myst,affine_risk_prices,qe-fig-008,2,0,0
lecture-python.myst,affine_risk_prices,qe-math-003,2,0,0
lecture-python.myst,affine_risk_prices,qe-math-010,3,1,0
lecture-python.myst,affine_risk_prices,qe-math-011,9,1,0
lecture-python.myst,affine_risk_prices,qe-ref-001,1,0,0
lecture-python.myst,affine_risk_prices,qe-writing-001,2,0,0
lecture-python.myst,affine_risk_prices,qe-writing-008,4,0,0
lecture-python.myst,affine_risk_prices,qe-writing-009,1,1,0
lecture-python.myst,aiyagari,qe-fig-001,3,0,0
lecture-python.myst,aiyagari,qe-fig-005,5,0,0
lecture-python.myst,aiyagari,qe-fig-008,4,0,0
lecture-python.myst,aiyagari,qe-link-002,1,0,0
lecture-python.myst,aiyagari,qe-math-010,1,1,0
lecture-python.myst,aiyagari,qe-writing-004,2,0,0
lecture-python.myst,aiyagari,qe-writing-006,1,0,0
lecture-python.myst,aiyagari,qe-writing-008,3,0,0
lecture-python.myst,aiyagari_egm,qe-fig-001,3,0,0
lecture-python.myst,aiyagari_egm,qe-fig-003,5,0,0
lecture-python.myst,aiyagari_egm,qe-fig-005,3,0,0
lecture-python.myst,aiyagari_egm,qe-fig-008,1,0,0
lecture-python.myst,aiyagari_egm,qe-math-010,1,1,0
lecture-python.myst,aiyagari_egm,qe-ref-001,1,0,0
lecture-python.myst,aiyagari_egm,qe-writing-001,1,0,0
lecture-python.myst,aiyagari_egm,qe-writing-006,5,0,0
lecture-python.myst,ak2,qe-fig-001,6,0,0
lecture-python.myst,ak2,qe-fig-003,3,0,0
lecture-python.myst,ak2,qe-fig-005,5,0,0
lecture-python.myst,ak2,qe-fig-008,27,0,0
lecture-python.myst,ak2,qe-writing-006,2,0,0
lecture-python.myst,ak2,qe-writing-008,197,0,0
lecture-python.myst,ak_aiyagari,qe-code-003,1,0,0
lecture-python.myst,ak_aiyagari,qe-code-004,3,0,0
lecture-python.myst,ak_aiyagari,qe-fig-001,6,0,0
lecture-python.myst,ak_aiyagari,qe-fig-003,18,0,0
lecture-python.myst,ak_aiyagari,qe-fig-005,8,0,0
lecture-python.myst,ak_aiyagari,qe-fig-008,19,0,0
lecture-python.myst,ak_aiyagari,qe-ref-001,3,0,0
lecture-python.myst,ak_aiyagari,qe-writing-008,53,0,0
lecture-python.myst,ar1_bayes,qe-code-002,8,0,0
lecture-python.myst,ar1_bayes,qe-fig-001,1,0,0
lecture-python.myst,ar1_bayes,qe-fig-005,3,0,0
lecture-python.myst,ar1_bayes,qe-link-002,2,0,0
lecture-python.myst,ar1_turningpts,qe-fig-001,4,0,0
lecture-python.myst,ar1_turningpts,qe-fig-005,1,0,0
lecture-python.myst,ar1_turningpts,qe-fig-008,1,0,0
lecture-python.myst,ar1_turningpts,qe-math-011,2,1,0
lecture-python.myst,ar1_turningpts,qe-writing-001,3,0,0
lecture-python.myst,ar1_turningpts,qe-writing-006,7,0,0
lecture-python.myst,ar1_turningpts,qe-writing-008,2,0,0
lecture-python.myst,back_prop,qe-code-003,1,0,0
lecture-python.myst,back_prop,qe-code-004,1,0,0
lecture-python.myst,back_prop,qe-fig-010,1,0,0
lecture-python.myst,back_prop,qe-math-003,6,0,0
lecture-python.myst,back_prop,qe-writing-001,1,0,0
lecture-python.myst,back_prop,qe-writing-006,5,0,0
lecture-python.myst,back_prop,qe-writing-008,42,0,0
lecture-python.myst,bayes_nonconj,qe-fig-003,2,0,0
lecture-python.myst,bayes_nonconj,qe-fig-005,4,0,0
lecture-python.myst,bayes_nonconj,qe-fig-008,1,0,0
lecture-python.myst,bayes_nonconj,qe-link-002,1,0,0
lecture-python.myst,bayes_nonconj,qe-writing-001,4,0,0
lecture-python.myst,blackwell_kihlstrom,qe-fig-001,8,0,0
lecture-python.myst,blackwell_kihlstrom,qe-fig-004,2,0,0
lecture-python.myst,blackwell_kihlstrom,qe-math-004,2,0,0
lecture-python.myst,blackwell_kihlstrom,qe-math-008,1,0,0
lecture-python.myst,blackwell_kihlstrom,qe-math-010,13,1,0
lecture-python.myst,blackwell_kihlstrom,qe-ref-001,1,0,0
lecture-python.myst,blackwell_kihlstrom,qe-writing-001,6,0,0
lecture-python.myst,blackwell_kihlstrom,qe-writing-006,1,0,0
lecture-python.myst,blackwell_kihlstrom,qe-writing-008,6,0,0
lecture-python.myst,bounded_rationality,qe-fig-001,4,0,0
lecture-python.myst,bounded_rationality,qe-fig-003,2,0,0
lecture-python.myst,bounded_rationality,qe-fig-004,1,0,0
lecture-python.myst,bounded_rationality,qe-fig-005,1,0,0
lecture-python.myst,bounded_rationality,qe-writing-008,3,0,0
lecture-python.myst,career,qe-fig-001,5,0,0
lecture-python.myst,career,qe-fig-002,1,0,0
lecture-python.myst,career,qe-fig-005,6,0,0
lecture-python.myst,career,qe-fig-008,3,0,0
lecture-python.myst,career,qe-writing-006,1,0,0
lecture-python.myst,career,qe-writing-008,1,0,0
lecture-python.myst,cass_fiscal,qe-code-003,1,0,0
lecture-python.myst,cass_fiscal,qe-fig-001,9,0,0
lecture-python.myst,cass_fiscal,qe-fig-003,10,0,0
lecture-python.myst,cass_fiscal,qe-fig-005,6,0,0
lecture-python.myst,cass_fiscal,qe-fig-008,11,0,0
lecture-python.myst,cass_fiscal,qe-math-001,1,0,0
lecture-python.myst,cass_fiscal,qe-writing-001,3,0,0
lecture-python.myst,cass_fiscal,qe-writing-006,12,0,0
lecture-python.myst,cass_fiscal,qe-writing-008,56,0,0
lecture-python.myst,cass_fiscal_2,qe-code-003,1,0,0
lecture-python.myst,cass_fiscal_2,qe-fig-001,1,0,0
lecture-python.myst,cass_fiscal_2,qe-fig-003,6,0,0
lecture-python.myst,cass_fiscal_2,qe-fig-005,3,0,0
lecture-python.myst,cass_fiscal_2,qe-fig-008,2,0,0
lecture-python.myst,cass_fiscal_2,qe-writing-001,1,0,0
lecture-python.myst,cass_fiscal_2,qe-writing-006,2,0,0
lecture-python.myst,cass_fiscal_2,qe-writing-008,8,0,0
lecture-python.myst,cass_koopmans_1,qe-fig-001,5,0,0
lecture-python.myst,cass_koopmans_1,qe-fig-003,3,0,0
lecture-python.myst,cass_koopmans_1,qe-fig-004,1,0,0
lecture-python.myst,cass_koopmans_1,qe-fig-005,1,0,0
lecture-python.myst,cass_koopmans_1,qe-fig-008,8,0,0
lecture-python.myst,cass_koopmans_1,qe-link-002,1,0,0
lecture-python.myst,cass_koopmans_1,qe-writing-006,11,0,0
lecture-python.myst,cass_koopmans_1,qe-writing-008,79,0,0
lecture-python.myst,cass_koopmans_2,qe-fig-001,3,0,0
lecture-python.myst,cass_koopmans_2,qe-fig-003,4,0,0
lecture-python.myst,cass_koopmans_2,qe-fig-005,2,0,0
lecture-python.myst,cass_koopmans_2,qe-fig-008,4,0,0
lecture-python.myst,cass_koopmans_2,qe-link-001,2,0,0
lecture-python.myst,cass_koopmans_2,qe-link-002,2,0,0
lecture-python.myst,cass_koopmans_2,qe-writing-006,13,0,0
lecture-python.myst,cass_koopmans_2,qe-writing-008,61,0,0
lecture-python.myst,chow_business_cycles,qe-fig-001,11,0,0
lecture-python.myst,chow_business_cycles,qe-fig-005,14,0,0
lecture-python.myst,chow_business_cycles,qe-fig-008,1,0,0
lecture-python.myst,chow_business_cycles,qe-math-010,5,1,0
lecture-python.myst,chow_business_cycles,qe-writing-008,16,0,0
lecture-python.myst,cross_product_trick,qe-math-002,52,0,0
lecture-python.myst,cross_product_trick,qe-math-006,5,0,1
lecture-python.myst,cross_product_trick,qe-math-013,1,1,0
lecture-python.myst,cross_product_trick,qe-writing-006,2,0,0
lecture-python.myst,cross_product_trick,qe-writing-008,24,0,0
lecture-python.myst,cross_product_trick,qe-writing-009,1,1,0
lecture-python.myst,divergence_measures,qe-code-002,4,0,0
lecture-python.myst,divergence_measures,qe-fig-001,4,0,0
lecture-python.myst,divergence_measures,qe-fig-003,3,0,0
lecture-python.myst,divergence_measures,qe-fig-005,3,0,0
lecture-python.myst,divergence_measures,qe-math-005,1,0,0
lecture-python.myst,divergence_measures,qe-math-006,1,0,1
lecture-python.myst,divergence_measures,qe-math-010,1,1,0
lecture-python.myst,divergence_measures,qe-writing-006,1,0,0
lecture-python.myst,divergence_measures,qe-writing-008,26,0,0
lecture-python.myst,divergence_measures,qe-writing-009,1,1,0
lecture-python.myst,eig_circulant,qe-fig-001,2,0,0
lecture-python.myst,eig_circulant,qe-fig-003,2,0,0
lecture-python.myst,eig_circulant,qe-fig-005,1,0,0
lecture-python.myst,eig_circulant,qe-math-003,4,0,0
lecture-python.myst,eig_circulant,qe-writing-006,5,0,0
lecture-python.myst,eig_circulant,qe-writing-008,44,0,0
lecture-python.myst,endogenous_lake,qe-fig-001,2,0,0
lecture-python.myst,endogenous_lake,qe-fig-003,1,0,0
lecture-python.myst,endogenous_lake,qe-fig-005,3,0,0
lecture-python.myst,endogenous_lake,qe-fig-006,2,0,0
lecture-python.myst,endogenous_lake,qe-fig-008,1,0,0
lecture-python.myst,endogenous_lake,qe-math-010,2,1,0
lecture-python.myst,endogenous_lake,qe-writing-001,1,0,0
lecture-python.myst,endogenous_lake,qe-writing-006,1,0,0
lecture-python.myst,exchange_rate_learning,qe-fig-001,4,0,0
lecture-python.myst,exchange_rate_learning,qe-fig-003,5,0,0
lecture-python.myst,exchange_rate_learning,qe-fig-004,2,0,0
lecture-python.myst,exchange_rate_learning,qe-fig-008,1,0,0
lecture-python.myst,exchangeable,qe-code-002,4,0,0
lecture-python.myst,exchangeable,qe-fig-001,3,0,0
lecture-python.myst,exchangeable,qe-fig-003,1,0,0
lecture-python.myst,exchangeable,qe-fig-005,1,0,0
lecture-python.myst,exchangeable,qe-fig-008,3,0,0
lecture-python.myst,exchangeable,qe-math-010,2,1,0
lecture-python.myst,exchangeable,qe-writing-001,2,0,0
lecture-python.myst,exchangeable,qe-writing-006,1,0,0
lecture-python.myst,exchangeable,qe-writing-008,62,0,0
lecture-python.myst,finite_markov,qe-code-004,2,0,0
lecture-python.myst,finite_markov,qe-fig-001,2,0,0
lecture-python.myst,finite_markov,qe-fig-002,6,0,0
lecture-python.myst,finite_markov,qe-fig-005,8,0,0
lecture-python.myst,finite_markov,qe-fig-008,2,0,0
lecture-python.myst,finite_markov,qe-link-002,1,0,0
lecture-python.myst,finite_markov,qe-math-003,6,0,0
lecture-python.myst,finite_markov,qe-math-010,21,1,0
lecture-python.myst,finite_markov,qe-writing-001,2,0,0
lecture-python.myst,finite_markov,qe-writing-004,4,0,0
lecture-python.myst,finite_markov,qe-writing-006,11,0,0
lecture-python.myst,finite_markov,qe-writing-008,35,0,0
lecture-python.myst,ge_arrow,qe-fig-001,1,0,0
lecture-python.myst,ge_arrow,qe-fig-003,1,0,0
lecture-python.myst,ge_arrow,qe-fig-005,1,0,0
lecture-python.myst,ge_arrow,qe-fig-008,1,0,0
lecture-python.myst,ge_arrow,qe-math-003,11,0,0
lecture-python.myst,ge_arrow,qe-math-004,5,0,0
lecture-python.myst,ge_arrow,qe-math-010,3,1,0
lecture-python.myst,ge_arrow,qe-writing-001,4,0,0
lecture-python.myst,ge_arrow,qe-writing-004,2,0,0
lecture-python.myst,ge_arrow,qe-writing-006,15,0,0
lecture-python.myst,ge_arrow,qe-writing-008,142,0,0
lecture-python.myst,genetic_classifier,qe-fig-001,4,0,0
lecture-python.myst,genetic_classifier,qe-fig-003,1,0,0
lecture-python.myst,genetic_classifier,qe-fig-004,2,0,0
lecture-python.myst,genetic_classifier,qe-writing-006,1,0,0
lecture-python.myst,hansen_singleton_1982,qe-code-002,2,0,0
lecture-python.myst,hansen_singleton_1982,qe-fig-001,1,0,0
lecture-python.myst,hansen_singleton_1982,qe-fig-004,1,0,0
lecture-python.myst,hansen_singleton_1982,qe-math-010,12,1,0
lecture-python.myst,hansen_singleton_1982,qe-writing-008,1,0,0
lecture-python.myst,hansen_singleton_1982,qe-writing-009,1,1,0
lecture-python.myst,hansen_singleton_1983,qe-code-002,3,0,0
lecture-python.myst,hansen_singleton_1983,qe-fig-001,1,0,0
lecture-python.myst,hansen_singleton_1983,qe-math-004,143,0,0
lecture-python.myst,hansen_singleton_1983,qe-math-010,33,1,0
lecture-python.myst,hansen_singleton_1983,qe-writing-004,1,0,0
lecture-python.myst,hansen_singleton_1983,qe-writing-008,22,0,0
lecture-python.myst,harrison_kreps,qe-math-010,1,1,0
lecture-python.myst,harrison_kreps,qe-writing-001,1,0,0
lecture-python.myst,harrison_kreps,qe-writing-008,30,0,0
lecture-python.myst,hoist_failure,qe-fig-001,4,0,0
lecture-python.myst,hoist_failure,qe-fig-004,2,0,0
lecture-python.myst,hoist_failure,qe-math-010,2,1,0
lecture-python.myst,hoist_failure,qe-writing-006,1,0,0
lecture-python.myst,hoist_failure,qe-writing-008,25,0,0
lecture-python.myst,house_auction,qe-writing-001,7,0,0
lecture-python.myst,house_auction,qe-writing-004,1,0,0
lecture-python.myst,house_auction,qe-writing-006,12,0,0
lecture-python.myst,house_auction,qe-writing-008,97,0,0
lecture-python.myst,ifp_advanced,qe-code-002,2,0,0
lecture-python.myst,ifp_advanced,qe-fig-001,3,0,0
lecture-python.myst,ifp_advanced,qe-fig-003,1,0,0
lecture-python.myst,ifp_advanced,qe-fig-005,3,0,0
lecture-python.myst,ifp_advanced,qe-math-004,3,0,0
lecture-python.myst,ifp_advanced,qe-math-007,1,0,0
lecture-python.myst,ifp_advanced,qe-math-010,10,1,0
lecture-python.myst,ifp_advanced,qe-ref-001,2,0,0
lecture-python.myst,ifp_advanced,qe-writing-001,2,0,0
lecture-python.myst,ifp_advanced,qe-writing-006,9,0,0
lecture-python.myst,ifp_advanced,qe-writing-008,1,0,0
lecture-python.myst,ifp_discrete,qe-code-002,2,0,0
lecture-python.myst,ifp_discrete,qe-code-004,10,0,0
lecture-python.myst,ifp_discrete,qe-fig-005,1,0,0
lecture-python.myst,ifp_discrete,qe-fig-008,1,0,0
lecture-python.myst,ifp_discrete,qe-math-001,2,0,0
lecture-python.myst,ifp_discrete,qe-math-005,1,0,0
lecture-python.myst,ifp_discrete,qe-writing-006,2,0,0
lecture-python.myst,ifp_egm,qe-code-004,6,0,0
lecture-python.myst,ifp_egm,qe-fig-003,1,0,0
lecture-python.myst,ifp_egm,qe-fig-005,5,0,0
lecture-python.myst,ifp_egm,qe-fig-008,8,0,0
lecture-python.myst,ifp_egm,qe-writing-006,9,0,0
lecture-python.myst,ifp_egm,qe-writing-008,3,0,0
lecture-python.myst,ifp_egm_transient_shocks,qe-code-004,6,0,0
lecture-python.myst,ifp_egm_transient_shocks,qe-fig-001,1,0,0
lecture-python.myst,ifp_egm_transient_shocks,qe-fig-003,3,0,0
lecture-python.myst,ifp_egm_transient_shocks,qe-fig-005,7,0,0
lecture-python.myst,ifp_egm_transient_shocks,qe-fig-008,10,0,0
lecture-python.myst,ifp_egm_transient_shocks,qe-ref-001,1,0,0
lecture-python.myst,ifp_egm_transient_shocks,qe-writing-006,8,0,0
lecture-python.myst,ifp_egm_transient_shocks,qe-writing-008,2,0,0
lecture-python.myst,ifp_opi,qe-code-002,2,0,0
lecture-python.myst,ifp_opi,qe-code-004,14,0,0
lecture-python.myst,ifp_opi,qe-code-005,1,0,0
lecture-python.myst,ifp_opi,qe-fig-001,1,0,0
lecture-python.myst,ifp_opi,qe-fig-003,3,0,0
lecture-python.myst,ifp_opi,qe-fig-005,2,0,0
lecture-python.myst,ifp_opi,qe-fig-008,3,0,0
lecture-python.myst,ifp_opi,qe-link-002,1,0,0
lecture-python.myst,ifp_opi,qe-writing-006,5,0,0
lecture-python.myst,imp_sample,qe-code-002,9,0,0
lecture-python.myst,imp_sample,qe-fig-001,1,0,0
lecture-python.myst,imp_sample,qe-fig-003,1,0,0
lecture-python.myst,imp_sample,qe-fig-004,1,0,0
lecture-python.myst,imp_sample,qe-math-001,3,0,0
lecture-python.myst,imp_sample,qe-math-010,7,1,0
lecture-python.myst,imp_sample,qe-writing-008,27,0,0
lecture-python.myst,imp_sample,qe-writing-009,1,1,0
lecture-python.myst,information_market_equilibrium,qe-code-002,3,0,0
lecture-python.myst,information_market_equilibrium,qe-fig-001,9,0,0
lecture-python.myst,information_market_equilibrium,qe-fig-005,3,0,0
lecture-python.myst,information_market_equilibrium,qe-math-002,4,0,0
lecture-python.myst,information_market_equilibrium,qe-math-010,7,1,0
lecture-python.myst,information_market_equilibrium,qe-writing-001,1,0,0
lecture-python.myst,information_market_equilibrium,qe-writing-008,3,0,0
lecture-python.myst,information_market_equilibrium,qe-writing-009,2,1,0
lecture-python.myst,inventory_dynamics,qe-code-004,1,0,0
lecture-python.myst,inventory_dynamics,qe-fig-001,1,0,0
lecture-python.myst,inventory_dynamics,qe-fig-005,6,0,0
lecture-python.myst,inventory_dynamics,qe-fig-008,7,0,0
lecture-python.myst,inventory_dynamics,qe-writing-001,1,0,0
lecture-python.myst,inventory_q,qe-fig-001,2,0,0
lecture-python.myst,inventory_q,qe-fig-003,4,0,0
lecture-python.myst,inventory_q,qe-fig-005,2,0,0
lecture-python.myst,inventory_q,qe-fig-008,7,0,0
lecture-python.myst,inventory_q,qe-math-005,3,0,0
lecture-python.myst,inventory_q,qe-math-010,3,1,0
lecture-python.myst,inventory_q,qe-writing-001,3,0,0
lecture-python.myst,inventory_q,qe-writing-006,2,0,0
lecture-python.myst,inventory_q,qe-writing-008,1,0,0
lecture-python.myst,jv,qe-fig-001,3,0,0
lecture-python.myst,jv,qe-fig-003,1,0,0
lecture-python.myst,jv,qe-fig-005,3,0,0
lecture-python.myst,jv,qe-fig-008,4,0,0
lecture-python.myst,jv,qe-ref-001,1,0,0
lecture-python.myst,jv,qe-writing-001,1,0,0
lecture-python.myst,jv,qe-writing-006,3,0,0
lecture-python.myst,jv,qe-writing-008,3,0,0
lecture-python.myst,kalman,qe-fig-002,1,0,0
lecture-python.myst,kalman,qe-fig-005,8,0,0
lecture-python.myst,kalman,qe-fig-008,2,0,0
lecture-python.myst,kalman,qe-math-003,5,0,0
lecture-python.myst,kalman,qe-math-010,5,1,0
lecture-python.myst,kalman,qe-ref-001,1,0,0
lecture-python.myst,kalman,qe-writing-008,5,0,0
lecture-python.myst,kalman_2,qe-fig-001,7,0,0
lecture-python.myst,kalman_2,qe-fig-003,5,0,0
lecture-python.myst,kalman_2,qe-fig-004,7,0,0
lecture-python.myst,kalman_2,qe-fig-008,6,0,0
lecture-python.myst,kalman_2,qe-math-002,3,0,0
lecture-python.myst,kalman_2,qe-writing-008,16,0,0
lecture-python.myst,kalman_filter_var,qe-code-002,3,0,0
lecture-python.myst,kalman_filter_var,qe-fig-001,2,0,0
lecture-python.myst,kalman_filter_var,qe-fig-003,3,0,0
lecture-python.myst,kalman_filter_var,qe-fig-005,2,0,0
lecture-python.myst,kalman_filter_var,qe-math-003,3,0,0
lecture-python.myst,kesten_processes,qe-fig-005,4,0,0
lecture-python.myst,kesten_processes,qe-fig-008,3,0,0
lecture-python.myst,kesten_processes,qe-math-010,21,1,0
lecture-python.myst,kesten_processes,qe-writing-004,4,0,0
lecture-python.myst,kesten_processes,qe-writing-008,1,0,0
lecture-python.myst,lagrangian_lqdp,qe-code-002,1,0,0
lecture-python.myst,lagrangian_lqdp,qe-code-005,2,0,0
lecture-python.myst,lagrangian_lqdp,qe-link-001,1,0,0
lecture-python.myst,lagrangian_lqdp,qe-link-002,4,0,0
lecture-python.myst,lagrangian_lqdp,qe-math-002,69,0,0
lecture-python.myst,lagrangian_lqdp,qe-math-003,6,0,0
lecture-python.myst,lagrangian_lqdp,qe-writing-001,1,0,0
lecture-python.myst,lagrangian_lqdp,qe-writing-004,3,0,0
lecture-python.myst,lagrangian_lqdp,qe-writing-006,7,0,0
lecture-python.myst,lagrangian_lqdp,qe-writing-008,72,0,0
lecture-python.myst,lake_model,qe-fig-001,8,0,0
lecture-python.myst,lake_model,qe-fig-003,3,0,0
lecture-python.myst,lake_model,qe-fig-005,8,0,0
lecture-python.myst,lake_model,qe-fig-008,8,0,0
lecture-python.myst,lake_model,qe-math-001,2,0,0
lecture-python.myst,lake_model,qe-math-003,4,0,0
lecture-python.myst,lake_model,qe-writing-008,6,0,0
lecture-python.myst,learning_approximation,qe-code-002,1,0,0
lecture-python.myst,learning_approximation,qe-fig-001,5,0,0
lecture-python.myst,learning_approximation,qe-fig-003,2,0,0
lecture-python.myst,learning_approximation,qe-fig-004,1,0,0
lecture-python.myst,learning_approximation,qe-fig-005,1,0,0
lecture-python.myst,learning_approximation,qe-fig-008,1,0,0
lecture-python.myst,learning_approximation,qe-math-010,1,1,0
lecture-python.myst,likelihood_bayes,qe-code-002,4,0,0
lecture-python.myst,likelihood_bayes,qe-fig-001,1,0,0
lecture-python.myst,likelihood_bayes,qe-fig-005,6,0,0
lecture-python.myst,likelihood_bayes,qe-math-010,31,1,0
lecture-python.myst,likelihood_bayes,qe-writing-008,65,0,0
lecture-python.myst,likelihood_ratio_process,qe-code-002,7,0,0
lecture-python.myst,likelihood_ratio_process,qe-fig-001,12,0,0
lecture-python.myst,likelihood_ratio_process,qe-fig-003,9,0,0
lecture-python.myst,likelihood_ratio_process,qe-fig-005,7,0,0
lecture-python.myst,likelihood_ratio_process,qe-fig-006,4,0,0
lecture-python.myst,likelihood_ratio_process,qe-fig-008,11,0,0
lecture-python.myst,likelihood_ratio_process,qe-math-004,3,0,0
lecture-python.myst,likelihood_ratio_process,qe-math-010,56,1,0
lecture-python.myst,likelihood_ratio_process,qe-writing-001,4,0,0
lecture-python.myst,likelihood_ratio_process,qe-writing-004,7,0,0
lecture-python.myst,likelihood_ratio_process,qe-writing-006,1,0,0
lecture-python.myst,likelihood_ratio_process,qe-writing-008,31,0,0
lecture-python.myst,likelihood_ratio_process_2,qe-code-002,4,0,0
lecture-python.myst,likelihood_ratio_process_2,qe-fig-001,14,0,0
lecture-python.myst,likelihood_ratio_process_2,qe-fig-003,4,0,0
lecture-python.myst,likelihood_ratio_process_2,qe-fig-005,13,0,0
lecture-python.myst,likelihood_ratio_process_2,qe-fig-006,4,0,0
lecture-python.myst,likelihood_ratio_process_2,qe-fig-008,2,0,0
lecture-python.myst,likelihood_ratio_process_2,qe-ref-001,5,0,0
lecture-python.myst,likelihood_ratio_process_2,qe-writing-001,6,0,0
lecture-python.myst,likelihood_ratio_process_2,qe-writing-008,80,0,0
lecture-python.myst,likelihood_ratio_process_2,qe-writing-009,4,1,0
lecture-python.myst,likelihood_var,qe-fig-001,2,0,0
lecture-python.myst,likelihood_var,qe-fig-003,6,0,0
lecture-python.myst,likelihood_var,qe-fig-005,6,0,0
lecture-python.myst,likelihood_var,qe-math-002,5,0,0
lecture-python.myst,likelihood_var,qe-math-004,3,0,0
lecture-python.myst,likelihood_var,qe-math-011,2,1,0
lecture-python.myst,likelihood_var,qe-writing-004,1,0,0
lecture-python.myst,likelihood_var,qe-writing-008,5,0,0
lecture-python.myst,linear_algebra,qe-fig-001,5,0,0
lecture-python.myst,linear_algebra,qe-fig-005,5,0,0
lecture-python.myst,linear_algebra,qe-fig-007,4,0,0
lecture-python.myst,linear_algebra,qe-fig-008,2,0,0
lecture-python.myst,linear_algebra,qe-link-002,6,0,0
lecture-python.myst,linear_algebra,qe-math-002,114,0,0
lecture-python.myst,linear_algebra,qe-writing-001,4,0,0
lecture-python.myst,linear_algebra,qe-writing-004,1,0,0
lecture-python.myst,linear_algebra,qe-writing-006,18,0,0
lecture-python.myst,linear_algebra,qe-writing-008,5,0,0
lecture-python.myst,linear_models,qe-fig-001,1,0,0
lecture-python.myst,linear_models,qe-fig-005,2,0,0
lecture-python.myst,linear_models,qe-fig-008,2,0,0
lecture-python.myst,linear_models,qe-link-002,1,0,0
lecture-python.myst,linear_models,qe-math-002,40,0,0
lecture-python.myst,linear_models,qe-math-010,4,1,0
lecture-python.myst,linear_models,qe-writing-001,2,0,0
lecture-python.myst,linear_models,qe-writing-006,25,0,0
lecture-python.myst,linear_models,qe-writing-008,30,0,0
lecture-python.myst,lln_clt,qe-code-002,9,0,0
lecture-python.myst,lln_clt,qe-fig-001,6,0,0
lecture-python.myst,lln_clt,qe-fig-005,6,0,0
lecture-python.myst,lln_clt,qe-fig-008,1,0,0
lecture-python.myst,lln_clt,qe-math-002,5,0,0
lecture-python.myst,lln_clt,qe-math-003,4,0,0
lecture-python.myst,lln_clt,qe-math-004,121,0,0
lecture-python.myst,lln_clt,qe-math-010,42,1,0
lecture-python.myst,lln_clt,qe-writing-006,3,0,0
lecture-python.myst,lln_clt,qe-writing-008,1,0,0
lecture-python.myst,long_run_risk_operator,qe-fig-001,1,0,0
lecture-python.myst,long_run_risk_operator,qe-fig-004,2,0,0
lecture-python.myst,long_run_risk_operator,qe-fig-005,2,0,0
lecture-python.myst,long_run_risk_operator,qe-fig-008,7,0,0
lecture-python.myst,long_run_risk_operator,qe-math-010,4,1,0
lecture-python.myst,long_run_risk_operator,qe-writing-001,6,0,0
lecture-python.myst,long_run_risk_operator,qe-writing-004,4,0,0
lecture-python.myst,long_run_risk_operator,qe-writing-006,1,0,0
lecture-python.myst,long_run_risk_operator,qe-writing-008,14,0,0
lecture-python.myst,lq_bewley_complete_markets,qe-fig-001,2,0,0
lecture-python.myst,lq_bewley_complete_markets,qe-fig-003,4,0,0
lecture-python.myst,lq_bewley_complete_markets,qe-fig-004,1,0,0
lecture-python.myst,lq_bewley_complete_markets,qe-fig-005,3,0,0
lecture-python.myst,lq_bewley_complete_markets,qe-writing-008,3,0,0
lecture-python.myst,lq_inventories,qe-code-002,1,0,0
lecture-python.myst,lq_inventories,qe-fig-001,1,0,0
lecture-python.myst,lq_inventories,qe-fig-003,4,0,0
lecture-python.myst,lq_inventories,qe-fig-008,10,0,0
lecture-python.myst,lq_inventories,qe-math-002,15,0,0
lecture-python.myst,lq_inventories,qe-math-003,17,0,0
lecture-python.myst,lq_inventories,qe-writing-001,4,0,0
lecture-python.myst,lq_inventories,qe-writing-006,2,0,0
lecture-python.myst,lq_inventories,qe-writing-008,4,0,0
lecture-python.myst,lq_permanent_income,qe-fig-001,3,0,0
lecture-python.myst,lq_permanent_income,qe-fig-003,2,0,0
lecture-python.myst,lq_permanent_income,qe-fig-005,3,0,0
lecture-python.myst,lq_permanent_income,qe-math-003,5,0,0
lecture-python.myst,lq_permanent_income,qe-writing-008,3,0,0
lecture-python.myst,lq_robust_bewley,qe-fig-001,1,0,0
lecture-python.myst,lq_robust_bewley,qe-fig-003,2,0,0
lecture-python.myst,lq_robust_bewley,qe-math-002,1,0,0
lecture-python.myst,lq_robust_bewley,qe-math-003,13,0,0
lecture-python.myst,lq_robust_smoothing,qe-code-002,10,0,0
lecture-python.myst,lq_robust_smoothing,qe-fig-001,1,0,0
lecture-python.myst,lq_robust_smoothing,qe-fig-003,2,0,0
lecture-python.myst,lq_robust_smoothing,qe-math-003,9,0,0
lecture-python.myst,lqcontrol,qe-code-002,5,0,0
lecture-python.myst,lqcontrol,qe-fig-001,4,0,0
lecture-python.myst,lqcontrol,qe-fig-002,5,0,0
lecture-python.myst,lqcontrol,qe-fig-005,8,0,0
lecture-python.myst,lqcontrol,qe-fig-006,3,0,0
lecture-python.myst,lqcontrol,qe-fig-008,13,0,0
lecture-python.myst,lqcontrol,qe-math-010,15,1,0
lecture-python.myst,lqcontrol,qe-writing-001,1,0,0
lecture-python.myst,lqcontrol,qe-writing-008,12,0,0
lecture-python.myst,ls_learning,qe-fig-001,8,0,0
lecture-python.myst,ls_learning,qe-fig-004,1,0,0
lecture-python.myst,ls_learning,qe-fig-005,3,0,0
lecture-python.myst,ls_learning,qe-fig-006,2,0,0
lecture-python.myst,ls_learning,qe-fig-008,2,0,0
lecture-python.myst,ls_learning,qe-math-002,6,0,0
lecture-python.myst,ls_learning,qe-writing-006,1,0,0
lecture-python.myst,marimon_mcgrattan_sargent,qe-fig-001,2,0,0
lecture-python.myst,marimon_mcgrattan_sargent,qe-fig-003,4,0,0
lecture-python.myst,marimon_mcgrattan_sargent,qe-fig-008,1,0,0
lecture-python.myst,marimon_mcgrattan_sargent,qe-ref-001,2,0,0
lecture-python.myst,marimon_mcgrattan_sargent,qe-writing-004,8,0,0
lecture-python.myst,marimon_mcgrattan_sargent,qe-writing-006,1,0,0
lecture-python.myst,market_diffusion,qe-code-002,3,0,0
lecture-python.myst,market_diffusion,qe-fig-001,4,0,0
lecture-python.myst,market_diffusion,qe-fig-004,1,0,0
lecture-python.myst,market_diffusion,qe-fig-005,1,0,0
lecture-python.myst,market_diffusion,qe-math-010,2,1,0
lecture-python.myst,markov_asset,qe-fig-003,1,0,0
lecture-python.myst,markov_asset,qe-fig-005,6,0,0
lecture-python.myst,markov_asset,qe-fig-008,3,0,0
lecture-python.myst,markov_asset,qe-link-002,2,0,0
lecture-python.myst,markov_asset,qe-math-002,1,0,0
lecture-python.myst,markov_asset,qe-math-010,19,1,0
lecture-python.myst,markov_asset,qe-ref-001,1,0,0
lecture-python.myst,markov_asset,qe-writing-001,1,0,0
lecture-python.myst,markov_asset,qe-writing-006,18,0,0
lecture-python.myst,markov_asset,qe-writing-008,32,0,0
lecture-python.myst,markov_perf,qe-code-002,5,0,0
lecture-python.myst,markov_perf,qe-fig-001,3,0,0
lecture-python.myst,markov_perf,qe-fig-002,3,0,0
lecture-python.myst,markov_perf,qe-fig-003,1,0,0
lecture-python.myst,markov_perf,qe-fig-005,6,0,0
lecture-python.myst,markov_perf,qe-math-002,37,0,0
lecture-python.myst,markov_perf,qe-writing-006,8,0,0
lecture-python.myst,markov_perf,qe-writing-008,12,0,0
lecture-python.myst,mccall_fitted_vfi,qe-fig-001,5,0,0
lecture-python.myst,mccall_fitted_vfi,qe-fig-003,4,0,0
lecture-python.myst,mccall_fitted_vfi,qe-fig-005,6,0,0
lecture-python.myst,mccall_fitted_vfi,qe-fig-008,3,0,0
lecture-python.myst,mccall_fitted_vfi,qe-math-004,2,0,0
lecture-python.myst,mccall_fitted_vfi,qe-ref-001,1,0,0
lecture-python.myst,mccall_fitted_vfi,qe-writing-001,1,0,0
lecture-python.myst,mccall_model,qe-fig-003,2,0,0
lecture-python.myst,mccall_model,qe-fig-005,8,0,0
lecture-python.myst,mccall_model,qe-fig-008,2,0,0
lecture-python.myst,mccall_model,qe-link-002,2,0,0
lecture-python.myst,mccall_model,qe-math-001,1,0,0
lecture-python.myst,mccall_model,qe-math-008,1,0,0
lecture-python.myst,mccall_model,qe-math-010,1,1,0
lecture-python.myst,mccall_model,qe-writing-001,1,0,0
lecture-python.myst,mccall_model,qe-writing-006,12,0,0
lecture-python.myst,mccall_model,qe-writing-008,6,0,0
lecture-python.myst,mccall_model_with_sep_markov,qe-fig-001,5,0,0
lecture-python.myst,mccall_model_with_sep_markov,qe-fig-003,4,0,0
lecture-python.myst,mccall_model_with_sep_markov,qe-fig-005,5,0,0
lecture-python.myst,mccall_model_with_sep_markov,qe-writing-001,1,0,0
lecture-python.myst,mccall_model_with_sep_markov,qe-writing-009,1,1,0
lecture-python.myst,mccall_model_with_separation,qe-code-003,1,0,0
lecture-python.myst,mccall_model_with_separation,qe-fig-005,4,0,0
lecture-python.myst,mccall_model_with_separation,qe-math-010,1,1,0
lecture-python.myst,mccall_model_with_separation,qe-writing-008,1,0,0
lecture-python.myst,mccall_persist_trans,qe-fig-005,4,0,0
lecture-python.myst,mccall_persist_trans,qe-fig-008,4,0,0
lecture-python.myst,mccall_persist_trans,qe-math-010,5,1,0
lecture-python.myst,mccall_q,qe-fig-001,5,0,0
lecture-python.myst,mccall_q,qe-fig-005,4,0,0
lecture-python.myst,mccall_q,qe-fig-008,7,0,0
lecture-python.myst,mccall_q,qe-math-002,1,0,0
lecture-python.myst,mccall_q,qe-ref-001,1,0,0
lecture-python.myst,mccall_q,qe-writing-001,1,0,0
lecture-python.myst,mccall_q,qe-writing-004,1,0,0
lecture-python.myst,mccall_q,qe-writing-008,79,0,0
lecture-python.myst,mccall_risk,qe-code-002,1,0,0
lecture-python.myst,mccall_risk,qe-code-003,1,0,0
lecture-python.myst,mccall_risk,qe-fig-005,2,0,0
lecture-python.myst,mccall_risk,qe-fig-006,2,0,0
lecture-python.myst,mccall_risk,qe-math-001,1,0,0
lecture-python.myst,mccall_risk,qe-math-010,4,1,0
lecture-python.myst,measurement_models,qe-code-002,8,0,0
lecture-python.myst,measurement_models,qe-fig-001,2,0,0
lecture-python.myst,measurement_models,qe-math-010,9,1,0
lecture-python.myst,measurement_models,qe-math-011,1,1,0
lecture-python.myst,measurement_models,qe-writing-001,2,0,0
lecture-python.myst,measurement_models,qe-writing-004,12,0,0
lecture-python.myst,measurement_models,qe-writing-008,20,0,0
lecture-python.myst,merging_of_opinions,qe-code-002,2,0,0
lecture-python.myst,merging_of_opinions,qe-fig-001,8,0,0
lecture-python.myst,merging_of_opinions,qe-fig-003,4,0,0
lecture-python.myst,merging_of_opinions,qe-math-011,4,1,0
lecture-python.myst,merging_of_opinions,qe-ref-001,1,0,0
lecture-python.myst,merging_of_opinions,qe-writing-001,2,0,0
lecture-python.myst,merging_of_opinions,qe-writing-004,1,0,0
lecture-python.myst,merging_of_opinions,qe-writing-006,1,0,0
lecture-python.myst,merging_of_opinions,qe-writing-008,2,0,0
lecture-python.myst,misspecified_recovery,qe-code-002,9,0,0
lecture-python.myst,misspecified_recovery,qe-fig-001,3,0,0
lecture-python.myst,misspecified_recovery,qe-fig-003,2,0,0
lecture-python.myst,misspecified_recovery,qe-fig-004,1,0,0
lecture-python.myst,misspecified_recovery,qe-fig-005,1,0,0
lecture-python.myst,misspecified_recovery,qe-math-002,1,0,0
lecture-python.myst,misspecified_recovery,qe-math-003,2,0,0
lecture-python.myst,misspecified_recovery,qe-math-004,49,0,0
lecture-python.myst,misspecified_recovery,qe-math-010,16,1,0
lecture-python.myst,misspecified_recovery,qe-writing-004,3,0,0
lecture-python.myst,misspecified_recovery,qe-writing-006,4,0,0
lecture-python.myst,mix_model,qe-code-002,9,0,0
lecture-python.myst,mix_model,qe-code-003,1,0,0
lecture-python.myst,mix_model,qe-fig-004,1,0,0
lecture-python.myst,mix_model,qe-fig-005,3,0,0
lecture-python.myst,mix_model,qe-fig-006,2,0,0
lecture-python.myst,mle,qe-fig-001,7,0,0
lecture-python.myst,mle,qe-fig-005,6,0,0
lecture-python.myst,mle,qe-fig-006,4,0,0
lecture-python.myst,mle,qe-fig-008,3,0,0
lecture-python.myst,mle,qe-math-002,19,0,0
lecture-python.myst,mle,qe-math-004,106,0,0
lecture-python.myst,mle,qe-writing-001,1,0,0
lecture-python.myst,mle,qe-writing-004,2,0,0
lecture-python.myst,morris_learn,qe-ref-001,2,0,0
lecture-python.myst,morris_learn,qe-writing-001,2,0,0
lecture-python.myst,morris_learn,qe-writing-004,1,0,0
lecture-python.myst,morris_learn,qe-writing-006,1,0,0
lecture-python.myst,morris_learn,qe-writing-008,48,0,0
lecture-python.myst,morris_learn,qe-writing-009,2,1,0
lecture-python.myst,multi_hyper,qe-fig-001,1,0,0
lecture-python.myst,multi_hyper,qe-fig-003,2,0,0
lecture-python.myst,multi_hyper,qe-fig-005,1,0,0
lecture-python.myst,multi_hyper,qe-math-010,4,1,0
lecture-python.myst,multi_hyper,qe-writing-001,2,0,0
lecture-python.myst,multi_hyper,qe-writing-004,1,0,0
lecture-python.myst,multi_hyper,qe-writing-008,13,0,0
lecture-python.myst,multivariate_normal,qe-fig-001,2,0,0
lecture-python.myst,multivariate_normal,qe-fig-005,8,0,0
lecture-python.myst,multivariate_normal,qe-fig-007,2,0,0
lecture-python.myst,multivariate_normal,qe-fig-008,14,0,0
lecture-python.myst,multivariate_normal,qe-math-002,27,0,0
lecture-python.myst,multivariate_normal,qe-math-003,38,0,0
lecture-python.myst,multivariate_normal,qe-math-004,5,0,0
lecture-python.myst,multivariate_normal,qe-math-010,31,1,0
lecture-python.myst,multivariate_normal,qe-math-011,10,1,0
lecture-python.myst,multivariate_normal,qe-writing-001,2,0,0
lecture-python.myst,multivariate_normal,qe-writing-004,1,0,0
lecture-python.myst,multivariate_normal,qe-writing-008,7,0,0
lecture-python.myst,multivariate_normal,qe-writing-009,3,1,0
lecture-python.myst,navy_captain,qe-code-002,4,0,0
lecture-python.myst,navy_captain,qe-fig-001,6,0,0
lecture-python.myst,navy_captain,qe-fig-003,20,0,0
lecture-python.myst,navy_captain,qe-fig-005,19,0,0
lecture-python.myst,navy_captain,qe-fig-006,4,0,0
lecture-python.myst,navy_captain,qe-fig-008,31,0,0
lecture-python.myst,navy_captain,qe-math-002,6,0,0
lecture-python.myst,navy_captain,qe-math-010,4,1,0
lecture-python.myst,navy_captain,qe-writing-001,1,0,0
lecture-python.myst,navy_captain,qe-writing-006,7,0,0
lecture-python.myst,navy_captain,qe-writing-008,32,0,0
lecture-python.myst,newton_method,qe-code-004,9,0,0
lecture-python.myst,newton_method,qe-fig-001,4,0,0
lecture-python.myst,newton_method,qe-fig-003,1,0,0
lecture-python.myst,newton_method,qe-fig-005,6,0,0
lecture-python.myst,newton_method,qe-fig-008,8,0,0
lecture-python.myst,newton_method,qe-writing-001,2,0,0
lecture-python.myst,odu,qe-code-002,8,0,0
lecture-python.myst,odu,qe-fig-001,7,0,0
lecture-python.myst,odu,qe-fig-003,3,0,0
lecture-python.myst,odu,qe-fig-005,5,0,0
lecture-python.myst,odu,qe-fig-006,1,0,0
lecture-python.myst,odu,qe-fig-008,9,0,0
lecture-python.myst,odu,qe-link-001,4,0,0
lecture-python.myst,odu,qe-ref-001,1,0,0
lecture-python.myst,odu,qe-writing-004,1,0,0
lecture-python.myst,odu,qe-writing-006,7,0,0
lecture-python.myst,odu,qe-writing-008,23,0,0
lecture-python.myst,olg_adaptive_money,qe-fig-001,7,0,0
lecture-python.myst,olg_adaptive_money,qe-fig-003,1,0,0
lecture-python.myst,olg_adaptive_money,qe-fig-004,3,0,0
lecture-python.myst,olg_adaptive_money,qe-fig-005,2,0,0
lecture-python.myst,olg_adaptive_money,qe-fig-008,2,0,0
lecture-python.myst,olg_adaptive_money,qe-math-010,1,1,0
lecture-python.myst,olg_adaptive_money,qe-writing-004,2,0,0
lecture-python.myst,olg_adaptive_money,qe-writing-006,1,0,0
lecture-python.myst,ols,qe-fig-001,1,0,0
lecture-python.myst,ols,qe-fig-003,3,0,0
lecture-python.myst,ols,qe-fig-005,5,0,0
lecture-python.myst,ols,qe-fig-006,4,0,0
lecture-python.myst,ols,qe-fig-008,2,0,0
lecture-python.myst,ols,qe-link-002,1,0,0
lecture-python.myst,ols,qe-math-002,4,0,0
lecture-python.myst,ols,qe-ref-001,5,0,0
lecture-python.myst,ols,qe-writing-006,2,0,0
lecture-python.myst,opt_transport,qe-code-004,5,0,0
lecture-python.myst,opt_transport,qe-fig-001,1,0,0
lecture-python.myst,opt_transport,qe-fig-002,1,0,0
lecture-python.myst,opt_transport,qe-fig-005,2,0,0
lecture-python.myst,opt_transport,qe-math-002,14,0,0
lecture-python.myst,opt_transport,qe-math-004,10,0,0
lecture-python.myst,opt_transport,qe-writing-001,1,0,0
lecture-python.myst,opt_transport,qe-writing-006,9,0,0
lecture-python.myst,opt_transport,qe-writing-008,44,0,0
lecture-python.myst,organization_capital,qe-fig-001,10,0,0
lecture-python.myst,organization_capital,qe-math-010,4,1,0
lecture-python.myst,organization_capital,qe-writing-004,3,0,0
lecture-python.myst,organization_capital,qe-writing-009,1,1,0
lecture-python.myst,os,qe-fig-005,2,0,0
lecture-python.myst,os,qe-fig-008,4,0,0
lecture-python.myst,os,qe-writing-001,2,0,0
lecture-python.myst,os,qe-writing-004,1,0,0
lecture-python.myst,os_egm,qe-code-002,2,0,0
lecture-python.myst,os_egm,qe-fig-005,1,0,0
lecture-python.myst,os_egm,qe-writing-006,4,0,0
lecture-python.myst,os_egm,qe-writing-008,2,0,0
lecture-python.myst,os_egm_jax,qe-code-002,2,0,0
lecture-python.myst,os_egm_jax,qe-fig-005,2,0,0
lecture-python.myst,os_egm_jax,qe-fig-006,2,0,0
lecture-python.myst,os_egm_jax,qe-fig-008,1,0,0
lecture-python.myst,os_numerical,qe-fig-003,3,0,0
lecture-python.myst,os_numerical,qe-fig-005,6,0,0
lecture-python.myst,os_numerical,qe-fig-008,7,0,0
lecture-python.myst,os_numerical,qe-writing-006,5,0,0
lecture-python.myst,os_numerical,qe-writing-008,1,0,0
lecture-python.myst,os_stochastic,qe-code-004,1,0,0
lecture-python.myst,os_stochastic,qe-fig-005,5,0,0
lecture-python.myst,os_stochastic,qe-link-002,3,0,0
lecture-python.myst,os_stochastic,qe-math-010,4,1,0
lecture-python.myst,os_stochastic,qe-writing-004,1,0,0
lecture-python.myst,os_stochastic,qe-writing-006,11,0,0
lecture-python.myst,os_stochastic,qe-writing-008,1,0,0
lecture-python.myst,os_time_iter,qe-code-004,1,0,0
lecture-python.myst,os_time_iter,qe-fig-005,3,0,0
lecture-python.myst,os_time_iter,qe-fig-008,3,0,0
lecture-python.myst,os_time_iter,qe-math-001,2,0,0
lecture-python.myst,os_time_iter,qe-math-002,8,0,0
lecture-python.myst,os_time_iter,qe-ref-001,1,0,0
lecture-python.myst,os_time_iter,qe-writing-006,4,0,0
lecture-python.myst,pandas_panel,qe-fig-001,1,0,0
lecture-python.myst,pandas_panel,qe-fig-002,1,0,0
lecture-python.myst,pandas_panel,qe-fig-003,4,0,0
lecture-python.myst,pandas_panel,qe-fig-005,8,0,0
lecture-python.myst,pandas_panel,qe-fig-006,5,0,0
lecture-python.myst,pandas_panel,qe-link-002,1,0,0
lecture-python.myst,pandas_panel,qe-writing-001,1,0,0
lecture-python.myst,pandas_panel,qe-writing-006,4,0,0
lecture-python.myst,perm_income,qe-fig-001,3,0,0
lecture-python.myst,perm_income,qe-fig-003,1,0,0
lecture-python.myst,perm_income,qe-fig-005,3,0,0
lecture-python.myst,perm_income,qe-fig-006,1,0,0
lecture-python.myst,perm_income,qe-fig-008,5,0,0
lecture-python.myst,perm_income,qe-math-002,8,0,0
lecture-python.myst,perm_income,qe-math-010,3,1,0
lecture-python.myst,perm_income,qe-ref-001,3,0,0
lecture-python.myst,perm_income,qe-writing-001,4,0,0
lecture-python.myst,perm_income,qe-writing-006,15,0,0
lecture-python.myst,perm_income,qe-writing-008,29,0,0
lecture-python.myst,perm_income_cons,qe-code-002,1,0,0
lecture-python.myst,perm_income_cons,qe-fig-001,3,0,0
lecture-python.myst,perm_income_cons,qe-fig-003,3,0,0
lecture-python.myst,perm_income_cons,qe-fig-005,6,0,0
lecture-python.myst,perm_income_cons,qe-fig-008,12,0,0
lecture-python.myst,perm_income_cons,qe-link-002,1,0,0
lecture-python.myst,perm_income_cons,qe-math-002,8,0,0
lecture-python.myst,perm_income_cons,qe-math-010,2,1,0
lecture-python.myst,perm_income_cons,qe-writing-006,12,0,0
lecture-python.myst,perm_income_cons,qe-writing-008,19,0,0
lecture-python.myst,phillips_adaptive,qe-code-002,1,0,0
lecture-python.myst,phillips_adaptive,qe-fig-001,3,0,0
lecture-python.myst,phillips_adaptive,qe-fig-003,1,0,0
lecture-python.myst,phillips_adaptive,qe-fig-004,2,0,0
lecture-python.myst,phillips_adaptive,qe-fig-005,1,0,0
lecture-python.myst,phillips_adaptive,qe-ref-001,2,0,0
lecture-python.myst,phillips_credibility,qe-fig-001,4,0,0
lecture-python.myst,phillips_credibility,qe-fig-004,3,0,0
lecture-python.myst,phillips_credibility,qe-fig-005,1,0,0
lecture-python.myst,phillips_credibility,qe-fig-008,4,0,0
lecture-python.myst,phillips_credibility,qe-ref-001,3,0,0
lecture-python.myst,phillips_credibility,qe-writing-004,1,0,0
lecture-python.myst,phillips_credible_policies,qe-fig-001,3,0,0
lecture-python.myst,phillips_credible_policies,qe-fig-003,4,0,0
lecture-python.myst,phillips_credible_policies,qe-fig-004,2,0,0
lecture-python.myst,phillips_credible_policies,qe-fig-005,1,0,0
lecture-python.myst,phillips_credible_policies,qe-fig-008,3,0,0
lecture-python.myst,phillips_credible_policies,qe-link-002,1,0,0
lecture-python.myst,phillips_credible_policies,qe-writing-006,1,0,0
lecture-python.myst,phillips_drifts_volatilities,qe-code-002,4,0,0
lecture-python.myst,phillips_drifts_volatilities,qe-code-004,3,0,0
lecture-python.myst,phillips_drifts_volatilities,qe-fig-001,13,0,0
lecture-python.myst,phillips_drifts_volatilities,qe-fig-003,4,0,0
lecture-python.myst,phillips_drifts_volatilities,qe-fig-004,11,0,0
lecture-python.myst,phillips_drifts_volatilities,qe-fig-005,1,0,0
lecture-python.myst,phillips_drifts_volatilities,qe-writing-004,4,0,0
lecture-python.myst,phillips_drifts_volatilities,qe-writing-006,2,0,0
lecture-python.myst,phillips_escaping_nash,qe-fig-001,5,0,0
lecture-python.myst,phillips_escaping_nash,qe-fig-003,7,0,0
lecture-python.myst,phillips_escaping_nash,qe-fig-004,5,0,0
lecture-python.myst,phillips_escaping_nash,qe-fig-008,9,0,0
lecture-python.myst,phillips_escaping_nash,qe-ref-001,4,0,0
lecture-python.myst,phillips_escaping_nash,qe-writing-004,1,0,0
lecture-python.myst,phillips_learning,qe-fig-001,6,0,0
lecture-python.myst,phillips_learning,qe-fig-003,1,0,0
lecture-python.myst,phillips_learning,qe-fig-004,5,0,0
lecture-python.myst,phillips_learning,qe-fig-005,1,0,0
lecture-python.myst,phillips_learning,qe-math-010,1,1,0
lecture-python.myst,phillips_learning,qe-ref-001,17,0,0
lecture-python.myst,phillips_learning,qe-writing-004,1,0,0
lecture-python.myst,phillips_lost_conquest,qe-fig-001,5,0,0
lecture-python.myst,phillips_lost_conquest,qe-fig-003,2,0,0
lecture-python.myst,phillips_lost_conquest,qe-fig-004,5,0,0
lecture-python.myst,phillips_lost_conquest,qe-fig-005,1,0,0
lecture-python.myst,phillips_lost_conquest,qe-fig-006,1,0,0
lecture-python.myst,phillips_lost_conquest,qe-fig-008,5,0,0
lecture-python.myst,phillips_lost_conquest,qe-math-010,5,1,0
lecture-python.myst,phillips_lost_conquest,qe-ref-001,6,0,0
lecture-python.myst,phillips_lost_conquest,qe-writing-004,1,0,0
lecture-python.myst,phillips_lost_conquest,qe-writing-006,2,0,0
lecture-python.myst,phillips_misspecified,qe-fig-001,4,0,0
lecture-python.myst,phillips_misspecified,qe-fig-004,2,0,0
lecture-python.myst,phillips_misspecified,qe-fig-005,2,0,0
lecture-python.myst,phillips_misspecified,qe-fig-008,2,0,0
lecture-python.myst,phillips_misspecified,qe-ref-001,2,0,0
lecture-python.myst,phillips_priors,qe-fig-001,5,0,0
lecture-python.myst,phillips_priors,qe-fig-003,3,0,0
lecture-python.myst,phillips_priors,qe-fig-004,4,0,0
lecture-python.myst,phillips_priors,qe-fig-005,1,0,0
lecture-python.myst,phillips_priors,qe-fig-008,5,0,0
lecture-python.myst,phillips_priors,qe-ref-001,10,0,0
lecture-python.myst,phillips_priors,qe-writing-004,1,0,0
lecture-python.myst,phillips_self_confirming,qe-code-002,1,0,0
lecture-python.myst,phillips_self_confirming,qe-fig-001,6,0,0
lecture-python.myst,phillips_self_confirming,qe-fig-004,4,0,0
lecture-python.myst,phillips_self_confirming,qe-fig-005,2,0,0
lecture-python.myst,phillips_self_confirming,qe-fig-008,6,0,0
lecture-python.myst,phillips_two_stories,qe-fig-001,7,0,0
lecture-python.myst,phillips_two_stories,qe-fig-003,8,0,0
lecture-python.myst,phillips_two_stories,qe-fig-004,6,0,0
lecture-python.myst,phillips_two_stories,qe-ref-001,4,0,0
lecture-python.myst,phillips_two_stories,qe-writing-004,9,0,0
lecture-python.myst,phillips_two_stories,qe-writing-006,2,0,0
lecture-python.myst,pricing_information,qe-code-002,64,0,0
lecture-python.myst,pricing_information,qe-fig-001,5,0,0
lecture-python.myst,pricing_information,qe-fig-003,3,0,0
lecture-python.myst,pricing_information,qe-fig-004,3,0,0
lecture-python.myst,pricing_information,qe-fig-005,1,0,0
lecture-python.myst,pricing_information,qe-math-003,1,0,0
lecture-python.myst,pricing_information,qe-math-010,6,1,0
lecture-python.myst,prob_matrix,qe-code-002,4,0,0
lecture-python.myst,prob_matrix,qe-code-003,1,0,0
lecture-python.myst,prob_matrix,qe-fig-001,2,0,0
lecture-python.myst,prob_matrix,qe-fig-005,10,0,0
lecture-python.myst,prob_matrix,qe-fig-006,2,0,0
lecture-python.myst,prob_matrix,qe-fig-008,2,0,0
lecture-python.myst,prob_matrix,qe-math-003,15,0,0
lecture-python.myst,prob_matrix,qe-math-010,81,1,0
lecture-python.myst,prob_matrix,qe-math-011,2,1,0
lecture-python.myst,prob_matrix,qe-writing-001,1,0,0
lecture-python.myst,prob_matrix,qe-writing-004,7,0,0
lecture-python.myst,prob_matrix,qe-writing-008,64,0,0
lecture-python.myst,prob_matrix,qe-writing-009,4,1,0
lecture-python.myst,prob_meaning,qe-fig-001,8,0,0
lecture-python.myst,prob_meaning,qe-fig-003,6,0,0
lecture-python.myst,prob_meaning,qe-fig-005,8,0,0
lecture-python.myst,prob_meaning,qe-fig-008,12,0,0
lecture-python.myst,prob_meaning,qe-math-010,2,1,0
lecture-python.myst,prob_meaning,qe-writing-001,6,0,0
lecture-python.myst,prob_meaning,qe-writing-004,4,0,0
lecture-python.myst,prob_meaning,qe-writing-006,3,0,0
lecture-python.myst,prob_meaning,qe-writing-008,36,0,0
lecture-python.myst,prospects_bounded_rationality,qe-fig-001,2,0,0
lecture-python.myst,prospects_bounded_rationality,qe-fig-004,1,0,0
lecture-python.myst,qr_decomp,qe-math-002,19,0,0
lecture-python.myst,qr_decomp,qe-math-003,10,0,0
lecture-python.myst,qr_decomp,qe-math-006,1,0,1
lecture-python.myst,qr_decomp,qe-math-011,1,1,0
lecture-python.myst,qr_decomp,qe-writing-001,1,0,0
lecture-python.myst,qr_decomp,qe-writing-006,3,0,0
lecture-python.myst,qr_decomp,qe-writing-008,22,0,0
lecture-python.myst,rand_resp,qe-writing-006,3,0,0
lecture-python.myst,rand_resp,qe-writing-008,49,0,0
lecture-python.myst,rational_expectations,qe-code-002,4,0,0
lecture-python.myst,rational_expectations,qe-math-002,14,0,0
lecture-python.myst,rational_expectations,qe-ref-001,1,0,0
lecture-python.myst,rational_expectations,qe-writing-001,1,0,0
lecture-python.myst,rational_expectations,qe-writing-006,1,0,0
lecture-python.myst,rational_expectations,qe-writing-008,30,0,0
lecture-python.myst,rational_learning_re,qe-code-002,3,0,0
lecture-python.myst,rational_learning_re,qe-fig-001,6,0,0
lecture-python.myst,rational_learning_re,qe-fig-004,1,0,0
lecture-python.myst,rational_learning_re,qe-fig-005,3,0,0
lecture-python.myst,rational_learning_re,qe-math-010,1,1,0
lecture-python.myst,re_with_feedback,qe-fig-003,3,0,0
lecture-python.myst,re_with_feedback,qe-fig-005,4,0,0
lecture-python.myst,re_with_feedback,qe-fig-008,6,0,0
lecture-python.myst,re_with_feedback,qe-math-004,1,0,0
lecture-python.myst,re_with_feedback,qe-writing-001,3,0,0
lecture-python.myst,re_with_feedback,qe-writing-006,12,0,0
lecture-python.myst,re_with_feedback,qe-writing-008,33,0,0
lecture-python.myst,robust_permanent_income,qe-code-002,6,0,0
lecture-python.myst,robust_permanent_income,qe-fig-001,3,0,0
lecture-python.myst,robust_permanent_income,qe-fig-003,5,0,0
lecture-python.myst,robust_permanent_income,qe-fig-005,1,0,0
lecture-python.myst,robust_permanent_income,qe-writing-001,5,0,0
lecture-python.myst,ross_recovery,qe-code-002,2,0,0
lecture-python.myst,ross_recovery,qe-fig-001,5,0,0
lecture-python.myst,ross_recovery,qe-fig-003,4,0,0
lecture-python.myst,ross_recovery,qe-fig-004,1,0,0
lecture-python.myst,ross_recovery,qe-fig-005,4,0,0
lecture-python.myst,ross_recovery,qe-math-003,1,0,0
lecture-python.myst,ross_recovery,qe-math-010,3,1,0
lecture-python.myst,ross_recovery,qe-math-011,1,1,0
lecture-python.myst,ross_recovery,qe-writing-001,1,0,0
lecture-python.myst,ross_recovery,qe-writing-004,9,0,0
lecture-python.myst,rs_inventory_q,qe-fig-001,4,0,0
lecture-python.myst,rs_inventory_q,qe-fig-003,7,0,0
lecture-python.myst,rs_inventory_q,qe-fig-005,4,0,0
lecture-python.myst,rs_inventory_q,qe-fig-008,9,0,0
lecture-python.myst,rs_inventory_q,qe-math-010,5,1,0
lecture-python.myst,rs_inventory_q,qe-writing-001,2,0,0
lecture-python.myst,rs_inventory_q,qe-writing-004,1,0,0
lecture-python.myst,rs_inventory_q,qe-writing-006,3,0,0
lecture-python.myst,rs_inventory_q,qe-writing-008,1,0,0
lecture-python.myst,samuelson,qe-code-002,6,0,0
lecture-python.myst,samuelson,qe-fig-001,6,0,0
lecture-python.myst,samuelson,qe-fig-003,3,0,0
lecture-python.myst,samuelson,qe-fig-005,7,0,0
lecture-python.myst,samuelson,qe-fig-007,1,0,0
lecture-python.myst,samuelson,qe-fig-008,8,0,0
lecture-python.myst,samuelson,qe-link-001,1,0,0
lecture-python.myst,samuelson,qe-link-002,1,0,0
lecture-python.myst,samuelson,qe-ref-001,1,0,0
lecture-python.myst,samuelson,qe-writing-008,2,0,0
lecture-python.myst,sargent_surico,qe-code-002,89,0,0
lecture-python.myst,sargent_surico,qe-code-004,8,0,0
lecture-python.myst,sargent_surico,qe-code-005,1,0,0
lecture-python.myst,sargent_surico,qe-fig-001,12,0,0
lecture-python.myst,sargent_surico,qe-fig-003,16,0,0
lecture-python.myst,sargent_surico,qe-fig-004,1,0,0
lecture-python.myst,sargent_surico,qe-fig-005,6,0,0
lecture-python.myst,sargent_surico,qe-math-002,13,0,0
lecture-python.myst,sargent_surico,qe-writing-006,1,0,0
lecture-python.myst,sargent_surico,qe-writing-008,2,0,0
lecture-python.myst,sir_model,qe-fig-005,1,0,0
lecture-python.myst,sir_model,qe-fig-008,2,0,0
lecture-python.myst,sir_model,qe-math-001,3,0,0
lecture-python.myst,sir_model,qe-writing-006,5,0,0
lecture-python.myst,stats_examples,qe-code-003,1,0,0
lecture-python.myst,stats_examples,qe-fig-003,1,0,0
lecture-python.myst,stats_examples,qe-fig-005,5,0,0
lecture-python.myst,stats_examples,qe-fig-008,1,0,0
lecture-python.myst,stats_examples,qe-math-010,12,1,0
lecture-python.myst,stats_examples,qe-writing-006,5,0,0
lecture-python.myst,stats_examples,qe-writing-008,29,0,0
lecture-python.myst,status,qe-code-003,1,0,0
lecture-python.myst,survival_recursive_preferences,qe-code-002,1,0,0
lecture-python.myst,survival_recursive_preferences,qe-fig-001,8,0,0
lecture-python.myst,survival_recursive_preferences,qe-fig-003,6,0,0
lecture-python.myst,survival_recursive_preferences,qe-fig-004,5,0,0
lecture-python.myst,survival_recursive_preferences,qe-fig-005,1,0,0
lecture-python.myst,survival_recursive_preferences,qe-writing-001,1,0,0
lecture-python.myst,svd_intro,qe-fig-001,2,0,0
lecture-python.myst,svd_intro,qe-fig-003,6,0,0
lecture-python.myst,svd_intro,qe-fig-008,4,0,0
lecture-python.myst,svd_intro,qe-math-011,8,1,0
lecture-python.myst,svd_intro,qe-writing-001,7,0,0
lecture-python.myst,svd_intro,qe-writing-004,9,0,0
lecture-python.myst,svd_intro,qe-writing-006,8,0,0
lecture-python.myst,svd_intro,qe-writing-008,94,0,0
lecture-python.myst,theil_1,qe-code-002,2,0,0
lecture-python.myst,theil_1,qe-fig-001,1,0,0
lecture-python.myst,theil_1,qe-fig-003,2,0,0
lecture-python.myst,theil_1,qe-fig-004,1,0,0
lecture-python.myst,theil_1,qe-fig-005,1,0,0
lecture-python.myst,theil_1,qe-math-010,3,1,0
lecture-python.myst,theil_1,qe-writing-001,1,0,0
lecture-python.myst,theil_2,qe-code-002,4,0,0
lecture-python.myst,theil_2,qe-fig-001,5,0,0
lecture-python.myst,theil_2,qe-fig-005,1,0,0
lecture-python.myst,theil_2,qe-math-004,3,0,0
lecture-python.myst,theil_2,qe-writing-001,3,0,0
lecture-python.myst,theil_2,qe-writing-008,4,0,0
lecture-python.myst,troubleshooting,qe-fig-005,1,0,0
lecture-python.myst,troubleshooting,qe-link-002,1,0,0
lecture-python.myst,troubleshooting,qe-writing-001,1,0,0
lecture-python.myst,troubleshooting,qe-writing-006,2,0,0
lecture-python.myst,troubleshooting,qe-writing-008,1,0,0
lecture-python.myst,two_auctions,qe-fig-001,8,0,0
lecture-python.myst,two_auctions,qe-fig-003,1,0,0
lecture-python.myst,two_auctions,qe-fig-005,6,0,0
lecture-python.myst,two_auctions,qe-fig-006,16,0,0
lecture-python.myst,two_auctions,qe-fig-007,7,0,0
lecture-python.myst,two_auctions,qe-fig-008,9,0,0
lecture-python.myst,two_auctions,qe-link-001,1,0,0
lecture-python.myst,two_auctions,qe-math-004,22,0,0
lecture-python.myst,two_auctions,qe-math-012,3,1,0
lecture-python.myst,two_auctions,qe-writing-004,4,0,0
lecture-python.myst,two_auctions,qe-writing-008,64,0,0
lecture-python.myst,two_auctions,qe-writing-009,2,1,0
lecture-python.myst,two_computation,qe-code-003,1,0,0
lecture-python.myst,two_computation,qe-fig-001,10,0,0
lecture-python.myst,two_computation,qe-fig-003,28,0,0
lecture-python.myst,two_computation,qe-fig-004,2,0,0
lecture-python.myst,two_computation,qe-fig-005,5,0,0
lecture-python.myst,two_computation,qe-fig-006,46,0,0
lecture-python.myst,two_computation,qe-fig-008,4,0,0
lecture-python.myst,two_computation,qe-math-002,15,0,0
lecture-python.myst,two_computation,qe-math-004,2,0,0
lecture-python.myst,two_computation,qe-math-008,1,0,0
lecture-python.myst,two_computation,qe-math-010,6,1,0
lecture-python.myst,two_computation,qe-writing-008,7,0,0
lecture-python.myst,uncertainty_traps,qe-fig-001,3,0,0
lecture-python.myst,uncertainty_traps,qe-fig-002,3,0,0
lecture-python.myst,uncertainty_traps,qe-fig-005,6,0,0
lecture-python.myst,uncertainty_traps,qe-fig-008,1,0,0
lecture-python.myst,uncertainty_traps,qe-math-004,3,0,0
lecture-python.myst,uncertainty_traps,qe-math-010,2,1,0
lecture-python.myst,uncertainty_traps,qe-ref-001,1,0,0
lecture-python.myst,uncertainty_traps,qe-writing-001,4,0,0
lecture-python.myst,uncertainty_traps,qe-writing-006,2,0,0
lecture-python.myst,uncertainty_traps,qe-writing-008,5,0,0
lecture-python.myst,unemployment_linear,qe-code-002,1,0,0
lecture-python.myst,unemployment_linear,qe-fig-005,2,0,0
lecture-python.myst,unemployment_linear,qe-math-010,1,1,0
lecture-python.myst,unemployment_linear,qe-ref-001,1,0,0
lecture-python.myst,unemployment_linear,qe-writing-001,1,0,0
lecture-python.myst,unemployment_shocks,qe-code-003,1,0,0
lecture-python.myst,util_rand_resp,qe-fig-008,3,0,0
lecture-python.myst,util_rand_resp,qe-math-010,113,1,0
lecture-python.myst,util_rand_resp,qe-ref-001,1,0,0
lecture-python.myst,util_rand_resp,qe-writing-006,5,0,0
lecture-python.myst,util_rand_resp,qe-writing-008,13,0,0
lecture-python.myst,var_dmd,qe-link-002,1,0,0
lecture-python.myst,var_dmd,qe-math-002,28,0,0
lecture-python.myst,var_dmd,qe-ref-001,6,0,0
lecture-python.myst,var_dmd,qe-writing-004,16,0,0
lecture-python.myst,var_dmd,qe-writing-006,5,0,0
lecture-python.myst,var_dmd,qe-writing-008,180,0,0
lecture-python.myst,var_dmd,qe-writing-009,1,1,0
lecture-python.myst,var_subsets,qe-code-002,38,0,0
lecture-python.myst,var_subsets,qe-fig-001,4,0,0
lecture-python.myst,var_subsets,qe-fig-003,6,0,0
lecture-python.myst,var_subsets,qe-fig-004,3,0,0
lecture-python.myst,var_subsets,qe-fig-005,1,0,0
lecture-python.myst,var_subsets,qe-math-003,15,0,0
lecture-python.myst,var_subsets,qe-writing-004,2,0,0
lecture-python.myst,von_neumann_model,qe-code-002,11,0,0
lecture-python.myst,von_neumann_model,qe-fig-001,1,0,0
lecture-python.myst,von_neumann_model,qe-fig-003,2,0,0
lecture-python.myst,von_neumann_model,qe-fig-005,1,0,0
lecture-python.myst,von_neumann_model,qe-fig-008,1,0,0
lecture-python.myst,von_neumann_model,qe-math-001,1,0,0
lecture-python.myst,von_neumann_model,qe-math-004,26,0,0
lecture-python.myst,von_neumann_model,qe-ref-001,2,0,0
lecture-python.myst,von_neumann_model,qe-writing-001,15,0,0
lecture-python.myst,von_neumann_model,qe-writing-004,4,0,0
lecture-python.myst,von_neumann_model,qe-writing-006,7,0,0
lecture-python.myst,von_neumann_model,qe-writing-008,5,0,0
lecture-python.myst,wald_friedman,qe-code-002,5,0,0
lecture-python.myst,wald_friedman,qe-fig-001,5,0,0
lecture-python.myst,wald_friedman,qe-fig-002,1,0,0
lecture-python.myst,wald_friedman,qe-fig-003,5,0,0
lecture-python.myst,wald_friedman,qe-fig-005,5,0,0
lecture-python.myst,wald_friedman,qe-fig-006,1,0,0
lecture-python.myst,wald_friedman,qe-link-001,1,0,0
lecture-python.myst,wald_friedman,qe-math-011,1,1,0
lecture-python.myst,wald_friedman,qe-writing-001,3,0,0
lecture-python.myst,wald_friedman,qe-writing-004,4,0,0
lecture-python.myst,wald_friedman,qe-writing-006,1,0,0
lecture-python.myst,wald_friedman,qe-writing-008,80,0,0
lecture-python.myst,wald_friedman_2,qe-code-002,4,0,0
lecture-python.myst,wald_friedman_2,qe-fig-001,4,0,0
lecture-python.myst,wald_friedman_2,qe-fig-002,1,0,0
lecture-python.myst,wald_friedman_2,qe-fig-003,5,0,0
lecture-python.myst,wald_friedman_2,qe-fig-005,4,0,0
lecture-python.myst,wald_friedman_2,qe-fig-008,5,0,0
lecture-python.myst,wald_friedman_2,qe-link-001,2,0,0
lecture-python.myst,wald_friedman_2,qe-math-010,9,1,0
lecture-python.myst,wald_friedman_2,qe-ref-001,1,0,0
lecture-python.myst,wald_friedman_2,qe-writing-001,2,0,0
lecture-python.myst,wald_friedman_2,qe-writing-004,2,0,0
lecture-python.myst,wald_friedman_2,qe-writing-006,6,0,0
lecture-python.myst,wald_friedman_2,qe-writing-008,43,0,0
lecture-python.myst,wald_friedman_2,qe-writing-009,2,1,0
lecture-python.myst,wealth_dynamics,qe-code-004,2,0,0
lecture-python.myst,wealth_dynamics,qe-fig-005,9,0,0
lecture-python.myst,wealth_dynamics,qe-fig-006,1,0,0
lecture-python.myst,wealth_dynamics,qe-fig-008,14,0,0
lecture-python.myst,wealth_dynamics,qe-writing-001,2,0,0
lecture-python.myst,wealth_dynamics,qe-writing-006,7,0,0
lecture-python.myst,wealth_dynamics,qe-writing-008,2,0,0
lecture-python-advanced.myst,BCG_complete_mkts,qe-code-004,2,0,0
lecture-python-advanced.myst,BCG_complete_mkts,qe-fig-001,2,0,0
lecture-python-advanced.myst,BCG_complete_mkts,qe-fig-003,2,0,0
lecture-python-advanced.myst,BCG_complete_mkts,qe-fig-005,1,0,0
lecture-python-advanced.myst,BCG_complete_mkts,qe-fig-008,7,0,0
lecture-python-advanced.myst,BCG_complete_mkts,qe-fig-010,1,0,0
lecture-python-advanced.myst,BCG_complete_mkts,qe-link-002,2,0,0
lecture-python-advanced.myst,BCG_complete_mkts,qe-math-011,2,1,0
lecture-python-advanced.myst,BCG_complete_mkts,qe-writing-001,7,0,0
lecture-python-advanced.myst,BCG_complete_mkts,qe-writing-008,36,0,0
lecture-python-advanced.myst,BCG_incomplete_mkts,qe-fig-001,2,0,0
lecture-python-advanced.myst,BCG_incomplete_mkts,qe-fig-003,9,0,0
lecture-python-advanced.myst,BCG_incomplete_mkts,qe-fig-005,2,0,0
lecture-python-advanced.myst,BCG_incomplete_mkts,qe-fig-008,13,0,0
lecture-python-advanced.myst,BCG_incomplete_mkts,qe-fig-010,1,0,0
lecture-python-advanced.myst,BCG_incomplete_mkts,qe-math-011,2,1,0
lecture-python-advanced.myst,BCG_incomplete_mkts,qe-writing-001,7,0,0
lecture-python-advanced.myst,BCG_incomplete_mkts,qe-writing-006,1,0,0
lecture-python-advanced.myst,BCG_incomplete_mkts,qe-writing-008,41,0,0
lecture-python-advanced.myst,additive_functionals,qe-fig-001,9,0,0
lecture-python-advanced.myst,additive_functionals,qe-fig-003,11,0,0
lecture-python-advanced.myst,additive_functionals,qe-fig-005,10,0,0
lecture-python-advanced.myst,additive_functionals,qe-fig-008,23,0,0
lecture-python-advanced.myst,additive_functionals,qe-link-002,5,0,0
lecture-python-advanced.myst,additive_functionals,qe-math-010,16,1,0
lecture-python-advanced.myst,additive_functionals,qe-math-011,4,1,0
lecture-python-advanced.myst,additive_functionals,qe-ref-001,1,0,0
lecture-python-advanced.myst,additive_functionals,qe-writing-008,21,0,0
lecture-python-advanced.myst,amss,qe-code-004,2,0,0
lecture-python-advanced.myst,amss,qe-fig-001,3,0,0
lecture-python-advanced.myst,amss,qe-fig-003,3,0,0
lecture-python-advanced.myst,amss,qe-fig-005,3,0,0
lecture-python-advanced.myst,amss,qe-fig-008,3,0,0
lecture-python-advanced.myst,amss,qe-math-003,2,0,0
lecture-python-advanced.myst,amss,qe-math-010,16,1,0
lecture-python-advanced.myst,amss,qe-writing-001,2,0,0
lecture-python-advanced.myst,amss,qe-writing-008,67,0,0
lecture-python-advanced.myst,amss2,qe-fig-001,2,0,0
lecture-python-advanced.myst,amss2,qe-fig-003,2,0,0
lecture-python-advanced.myst,amss2,qe-fig-005,2,0,0
lecture-python-advanced.myst,amss2,qe-fig-008,2,0,0
lecture-python-advanced.myst,amss2,qe-ref-001,2,0,0
lecture-python-advanced.myst,amss2,qe-writing-008,79,0,0
lecture-python-advanced.myst,amss3,qe-fig-001,2,0,0
lecture-python-advanced.myst,amss3,qe-fig-002,3,0,0
lecture-python-advanced.myst,amss3,qe-fig-003,3,0,0
lecture-python-advanced.myst,amss3,qe-fig-005,5,0,0
lecture-python-advanced.myst,amss3,qe-fig-008,3,0,0
lecture-python-advanced.myst,amss3,qe-math-013,1,1,0
lecture-python-advanced.myst,amss3,qe-ref-001,5,0,0
lecture-python-advanced.myst,amss3,qe-writing-008,69,0,0
lecture-python-advanced.myst,arellano,qe-code-002,2,0,0
lecture-python-advanced.myst,arellano,qe-fig-001,4,0,0
lecture-python-advanced.myst,arellano,qe-fig-002,4,0,0
lecture-python-advanced.myst,arellano,qe-fig-005,8,0,0
lecture-python-advanced.myst,arellano,qe-math-010,1,1,0
lecture-python-advanced.myst,arellano,qe-ref-001,1,0,0
lecture-python-advanced.myst,arellano,qe-writing-008,7,0,0
lecture-python-advanced.myst,arma,qe-fig-001,5,0,0
lecture-python-advanced.myst,arma,qe-fig-003,1,0,0
lecture-python-advanced.myst,arma,qe-fig-005,4,0,0
lecture-python-advanced.myst,arma,qe-fig-008,6,0,0
lecture-python-advanced.myst,arma,qe-link-002,2,0,0
lecture-python-advanced.myst,arma,qe-math-010,3,1,0
lecture-python-advanced.myst,arma,qe-writing-001,1,0,0
lecture-python-advanced.myst,arma,qe-writing-008,19,0,0
lecture-python-advanced.myst,asset_pricing_lph,qe-code-002,13,0,0
lecture-python-advanced.myst,asset_pricing_lph,qe-fig-003,1,0,0
lecture-python-advanced.myst,asset_pricing_lph,qe-fig-005,1,0,0
lecture-python-advanced.myst,asset_pricing_lph,qe-fig-008,3,0,0
lecture-python-advanced.myst,asset_pricing_lph,qe-link-001,3,0,0
lecture-python-advanced.myst,asset_pricing_lph,qe-link-002,1,0,0
lecture-python-advanced.myst,asset_pricing_lph,qe-math-006,2,0,1
lecture-python-advanced.myst,asset_pricing_lph,qe-math-010,26,1,0
lecture-python-advanced.myst,asset_pricing_lph,qe-math-011,1,1,0
lecture-python-advanced.myst,asset_pricing_lph,qe-ref-001,4,0,0
lecture-python-advanced.myst,asset_pricing_lph,qe-writing-001,2,0,0
lecture-python-advanced.myst,asset_pricing_lph,qe-writing-004,2,0,0
lecture-python-advanced.myst,asset_pricing_lph,qe-writing-008,76,0,0
lecture-python-advanced.myst,asset_pricing_lph,qe-writing-009,1,1,0
lecture-python-advanced.myst,atkeson_1991,qe-code-003,1,0,0
lecture-python-advanced.myst,atkeson_1991,qe-fig-001,3,0,0
lecture-python-advanced.myst,atkeson_1991,qe-fig-003,2,0,0
lecture-python-advanced.myst,atkeson_1991,qe-fig-004,1,0,0
lecture-python-advanced.myst,atkeson_1991,qe-fig-005,2,0,0
lecture-python-advanced.myst,atkeson_1991,qe-fig-008,2,0,0
lecture-python-advanced.myst,black_litterman,qe-fig-001,7,0,0
lecture-python-advanced.myst,black_litterman,qe-fig-003,5,0,0
lecture-python-advanced.myst,black_litterman,qe-fig-005,4,0,0
lecture-python-advanced.myst,black_litterman,qe-fig-006,7,0,0
lecture-python-advanced.myst,black_litterman,qe-fig-008,12,0,0
lecture-python-advanced.myst,black_litterman,qe-link-001,2,0,0
lecture-python-advanced.myst,black_litterman,qe-math-002,38,0,0
lecture-python-advanced.myst,black_litterman,qe-math-004,24,0,0
lecture-python-advanced.myst,black_litterman,qe-math-010,14,1,0
lecture-python-advanced.myst,black_litterman,qe-math-011,16,1,0
lecture-python-advanced.myst,black_litterman,qe-writing-001,10,0,0
lecture-python-advanced.myst,black_litterman,qe-writing-004,3,0,0
lecture-python-advanced.myst,black_litterman,qe-writing-008,7,0,0
lecture-python-advanced.myst,cagan_rational_expectations,qe-code-002,3,0,0
lecture-python-advanced.myst,cagan_rational_expectations,qe-fig-001,2,0,0
lecture-python-advanced.myst,cagan_rational_expectations,qe-fig-003,1,0,0
lecture-python-advanced.myst,cagan_rational_expectations,qe-fig-004,2,0,0
lecture-python-advanced.myst,cagan_rational_expectations,qe-fig-005,1,0,0
lecture-python-advanced.myst,cagan_rational_expectations,qe-fig-006,2,0,0
lecture-python-advanced.myst,cagan_rational_expectations,qe-math-002,5,0,0
lecture-python-advanced.myst,cagan_rational_expectations,qe-math-003,2,0,0
lecture-python-advanced.myst,cagan_rational_expectations,qe-math-010,4,1,0
lecture-python-advanced.myst,cagan_rational_expectations,qe-ref-001,2,0,0
lecture-python-advanced.myst,cagan_rational_expectations,qe-writing-008,1,0,0
lecture-python-advanced.myst,calvo,qe-code-002,1,0,0
lecture-python-advanced.myst,calvo,qe-fig-001,5,0,0
lecture-python-advanced.myst,calvo,qe-fig-003,2,0,0
lecture-python-advanced.myst,calvo,qe-fig-008,1,0,0
lecture-python-advanced.myst,calvo,qe-link-002,4,0,0
lecture-python-advanced.myst,calvo,qe-math-002,10,0,0
lecture-python-advanced.myst,calvo,qe-ref-001,3,0,0
lecture-python-advanced.myst,calvo,qe-writing-001,2,0,0
lecture-python-advanced.myst,calvo,qe-writing-004,4,0,0
lecture-python-advanced.myst,calvo,qe-writing-008,242,0,0
lecture-python-advanced.myst,calvo_abreu,qe-code-002,1,0,0
lecture-python-advanced.myst,calvo_abreu,qe-code-003,1,0,0
lecture-python-advanced.myst,calvo_abreu,qe-fig-001,1,0,0
lecture-python-advanced.myst,calvo_abreu,qe-fig-008,2,0,0
lecture-python-advanced.myst,calvo_abreu,qe-math-004,1,0,0
lecture-python-advanced.myst,calvo_abreu,qe-ref-001,2,0,0
lecture-python-advanced.myst,calvo_abreu,qe-writing-001,1,0,0
lecture-python-advanced.myst,calvo_abreu,qe-writing-008,94,0,0
lecture-python-advanced.myst,calvo_machine_learn,qe-code-002,1,0,0
lecture-python-advanced.myst,calvo_machine_learn,qe-code-003,4,0,0
lecture-python-advanced.myst,calvo_machine_learn,qe-code-004,2,0,0
lecture-python-advanced.myst,calvo_machine_learn,qe-fig-005,4,0,0
lecture-python-advanced.myst,calvo_machine_learn,qe-fig-008,3,0,0
lecture-python-advanced.myst,calvo_machine_learn,qe-math-002,13,0,0
lecture-python-advanced.myst,calvo_machine_learn,qe-math-004,4,0,0
lecture-python-advanced.myst,calvo_machine_learn,qe-math-013,1,1,0
lecture-python-advanced.myst,calvo_machine_learn,qe-writing-001,1,0,0
lecture-python-advanced.myst,calvo_machine_learn,qe-writing-008,193,0,0
lecture-python-advanced.myst,cattle_cycles,qe-fig-001,2,0,0
lecture-python-advanced.myst,cattle_cycles,qe-fig-003,5,0,0
lecture-python-advanced.myst,cattle_cycles,qe-fig-005,3,0,0
lecture-python-advanced.myst,cattle_cycles,qe-fig-008,11,0,0
lecture-python-advanced.myst,cattle_cycles,qe-math-003,10,0,0
lecture-python-advanced.myst,cattle_cycles,qe-ref-001,3,0,0
lecture-python-advanced.myst,cattle_cycles,qe-writing-008,1,0,0
lecture-python-advanced.myst,chang_credible,qe-fig-001,1,0,0
lecture-python-advanced.myst,chang_credible,qe-writing-001,5,0,0
lecture-python-advanced.myst,chang_credible,qe-writing-004,2,0,0
lecture-python-advanced.myst,chang_credible,qe-writing-008,21,0,0
lecture-python-advanced.myst,chang_ramsey,qe-fig-001,5,0,0
lecture-python-advanced.myst,chang_ramsey,qe-fig-003,3,0,0
lecture-python-advanced.myst,chang_ramsey,qe-fig-005,2,0,0
lecture-python-advanced.myst,chang_ramsey,qe-fig-008,5,0,0
lecture-python-advanced.myst,chang_ramsey,qe-ref-001,2,0,0
lecture-python-advanced.myst,chang_ramsey,qe-writing-001,2,0,0
lecture-python-advanced.myst,chang_ramsey,qe-writing-004,2,0,0
lecture-python-advanced.myst,chang_ramsey,qe-writing-008,26,0,0
lecture-python-advanced.myst,classical_filtering,qe-link-002,3,0,0
lecture-python-advanced.myst,classical_filtering,qe-math-002,17,0,0
lecture-python-advanced.myst,classical_filtering,qe-math-003,5,0,0
lecture-python-advanced.myst,classical_filtering,qe-ref-001,2,0,0
lecture-python-advanced.myst,classical_filtering,qe-writing-001,2,0,0
lecture-python-advanced.myst,classical_filtering,qe-writing-004,1,0,0
lecture-python-advanced.myst,classical_filtering,qe-writing-008,40,0,0
lecture-python-advanced.myst,coase,qe-code-002,9,0,0
lecture-python-advanced.myst,coase,qe-fig-002,2,0,0
lecture-python-advanced.myst,coase,qe-fig-005,5,0,0
lecture-python-advanced.myst,coase,qe-fig-008,3,0,0
lecture-python-advanced.myst,coase,qe-ref-001,3,0,0
lecture-python-advanced.myst,coase,qe-writing-001,4,0,0
lecture-python-advanced.myst,coase,qe-writing-008,7,0,0
lecture-python-advanced.myst,cons_news,qe-code-002,2,0,0
lecture-python-advanced.myst,cons_news,qe-fig-003,4,0,0
lecture-python-advanced.myst,cons_news,qe-fig-005,4,0,0
lecture-python-advanced.myst,cons_news,qe-fig-008,11,0,0
lecture-python-advanced.myst,cons_news,qe-link-002,7,0,0
lecture-python-advanced.myst,cons_news,qe-math-003,17,0,0
lecture-python-advanced.myst,cons_news,qe-math-010,4,1,0
lecture-python-advanced.myst,cons_news,qe-writing-004,8,0,0
lecture-python-advanced.myst,cons_news,qe-writing-008,52,0,0
lecture-python-advanced.myst,cons_news,qe-writing-009,4,1,0
lecture-python-advanced.myst,discrete_dp,qe-code-002,2,0,0
lecture-python-advanced.myst,discrete_dp,qe-code-005,3,0,0
lecture-python-advanced.myst,discrete_dp,qe-fig-001,4,0,0
lecture-python-advanced.myst,discrete_dp,qe-fig-002,2,0,0
lecture-python-advanced.myst,discrete_dp,qe-fig-003,1,0,0
lecture-python-advanced.myst,discrete_dp,qe-fig-005,6,0,0
lecture-python-advanced.myst,discrete_dp,qe-link-002,10,0,0
lecture-python-advanced.myst,discrete_dp,qe-math-004,1,0,0
lecture-python-advanced.myst,discrete_dp,qe-math-008,1,0,0
lecture-python-advanced.myst,discrete_dp,qe-math-010,1,1,0
lecture-python-advanced.myst,discrete_dp,qe-ref-001,1,0,0
lecture-python-advanced.myst,discrete_dp,qe-writing-001,1,0,0
lecture-python-advanced.myst,discrete_dp,qe-writing-008,4,0,0
lecture-python-advanced.myst,doubts_or_variability,qe-fig-001,9,0,0
lecture-python-advanced.myst,doubts_or_variability,qe-math-004,6,0,0
lecture-python-advanced.myst,doubts_or_variability,qe-math-010,128,1,0
lecture-python-advanced.myst,doubts_or_variability,qe-math-011,24,1,0
lecture-python-advanced.myst,doubts_or_variability,qe-ref-001,1,0,0
lecture-python-advanced.myst,doubts_or_variability,qe-writing-001,4,0,0
lecture-python-advanced.myst,doubts_or_variability,qe-writing-009,3,1,0
lecture-python-advanced.myst,dovis_accounting_mf,qe-fig-001,7,0,0
lecture-python-advanced.myst,dovis_accounting_mf,qe-fig-003,9,0,0
lecture-python-advanced.myst,dovis_accounting_mf,qe-fig-005,2,0,0
lecture-python-advanced.myst,dovis_accounting_mf,qe-fig-007,2,0,0
lecture-python-advanced.myst,dovis_accounting_mf,qe-fig-008,8,0,0
lecture-python-advanced.myst,dovis_accounting_mf,qe-math-010,17,1,0
lecture-python-advanced.myst,dovis_accounting_mf,qe-math-011,1,1,0
lecture-python-advanced.myst,dovis_accounting_mf,qe-writing-001,3,0,0
lecture-python-advanced.myst,dovis_accounting_mf,qe-writing-006,1,0,0
lecture-python-advanced.myst,dovis_accounting_mf,qe-writing-008,1,0,0
lecture-python-advanced.myst,dovis_accounting_mf,qe-writing-009,1,1,0
lecture-python-advanced.myst,dyn_stack,qe-code-002,4,0,0
lecture-python-advanced.myst,dyn_stack,qe-fig-001,3,0,0
lecture-python-advanced.myst,dyn_stack,qe-fig-003,6,0,0
lecture-python-advanced.myst,dyn_stack,qe-fig-005,6,0,0
lecture-python-advanced.myst,dyn_stack,qe-fig-008,13,0,0
lecture-python-advanced.myst,dyn_stack,qe-link-002,5,0,0
lecture-python-advanced.myst,dyn_stack,qe-math-002,25,0,0
lecture-python-advanced.myst,dyn_stack,qe-writing-004,1,0,0
lecture-python-advanced.myst,dyn_stack,qe-writing-008,30,0,0
lecture-python-advanced.myst,entropy,qe-fig-002,4,0,0
lecture-python-advanced.myst,entropy,qe-fig-005,1,0,0
lecture-python-advanced.myst,entropy,qe-link-001,2,0,0
lecture-python-advanced.myst,entropy,qe-math-002,15,0,0
lecture-python-advanced.myst,entropy,qe-math-010,2,1,0
lecture-python-advanced.myst,entropy,qe-math-011,13,1,0
lecture-python-advanced.myst,entropy,qe-ref-001,3,0,0
lecture-python-advanced.myst,entropy,qe-writing-001,6,0,0
lecture-python-advanced.myst,entropy,qe-writing-004,1,0,0
lecture-python-advanced.myst,entropy,qe-writing-008,47,0,0
lecture-python-advanced.myst,estspec,qe-fig-001,3,0,0
lecture-python-advanced.myst,estspec,qe-fig-002,3,0,0
lecture-python-advanced.myst,estspec,qe-fig-003,1,0,0
lecture-python-advanced.myst,estspec,qe-fig-005,7,0,0
lecture-python-advanced.myst,estspec,qe-fig-006,2,0,0
lecture-python-advanced.myst,estspec,qe-fig-008,1,0,0
lecture-python-advanced.myst,estspec,qe-writing-001,2,0,0
lecture-python-advanced.myst,estspec,qe-writing-008,4,0,0
lecture-python-advanced.myst,five_preferences,qe-fig-001,19,0,0
lecture-python-advanced.myst,five_preferences,qe-fig-003,5,0,0
lecture-python-advanced.myst,five_preferences,qe-fig-005,12,0,0
lecture-python-advanced.myst,five_preferences,qe-fig-008,59,0,0
lecture-python-advanced.myst,five_preferences,qe-math-001,1,0,0
lecture-python-advanced.myst,five_preferences,qe-math-010,1,1,0
lecture-python-advanced.myst,five_preferences,qe-math-011,2,1,0
lecture-python-advanced.myst,five_preferences,qe-ref-001,12,0,0
lecture-python-advanced.myst,five_preferences,qe-writing-001,7,0,0
lecture-python-advanced.myst,five_preferences,qe-writing-008,103,0,0
lecture-python-advanced.myst,gorman_heterogeneous_households,qe-code-002,2,0,0
lecture-python-advanced.myst,gorman_heterogeneous_households,qe-fig-001,5,0,0
lecture-python-advanced.myst,gorman_heterogeneous_households,qe-fig-003,2,0,0
lecture-python-advanced.myst,gorman_heterogeneous_households,qe-fig-004,1,0,0
lecture-python-advanced.myst,gorman_heterogeneous_households,qe-fig-005,5,0,0
lecture-python-advanced.myst,gorman_heterogeneous_households,qe-fig-008,2,0,0
lecture-python-advanced.myst,gorman_heterogeneous_households,qe-math-002,1,0,0
lecture-python-advanced.myst,gorman_heterogeneous_households,qe-writing-001,6,0,0
lecture-python-advanced.myst,gorman_heterogeneous_households,qe-writing-006,1,0,0
lecture-python-advanced.myst,gorman_heterogeneous_households,qe-writing-008,42,0,0
lecture-python-advanced.myst,gorman_heterogeneous_households,qe-writing-009,5,1,0
lecture-python-advanced.myst,growth_in_dles,qe-fig-005,5,0,0
lecture-python-advanced.myst,growth_in_dles,qe-fig-008,10,0,0
lecture-python-advanced.myst,growth_in_dles,qe-math-003,8,0,0
lecture-python-advanced.myst,growth_in_dles,qe-ref-001,1,0,0
lecture-python-advanced.myst,growth_in_dles,qe-writing-001,4,0,0
lecture-python-advanced.myst,growth_in_dles,qe-writing-004,6,0,0
lecture-python-advanced.myst,growth_in_dles,qe-writing-006,1,0,0
lecture-python-advanced.myst,growth_in_dles,qe-writing-008,1,0,0
lecture-python-advanced.myst,hansen_jagannathan_1991,qe-fig-001,6,0,0
lecture-python-advanced.myst,hansen_jagannathan_1991,qe-math-010,39,1,0
lecture-python-advanced.myst,hansen_richard_1987,qe-code-002,2,0,0
lecture-python-advanced.myst,hansen_richard_1987,qe-fig-001,1,0,0
lecture-python-advanced.myst,hansen_richard_1987,qe-math-010,75,1,0
lecture-python-advanced.myst,hansen_richard_1987,qe-writing-001,8,0,0
lecture-python-advanced.myst,hansen_richard_1987,qe-writing-004,7,0,0
lecture-python-advanced.myst,hansen_richard_1987,qe-writing-006,2,0,0
lecture-python-advanced.myst,hs_invertibility_example,qe-fig-001,3,0,0
lecture-python-advanced.myst,hs_invertibility_example,qe-fig-003,6,0,0
lecture-python-advanced.myst,hs_invertibility_example,qe-fig-005,3,0,0
lecture-python-advanced.myst,hs_invertibility_example,qe-fig-008,12,0,0
lecture-python-advanced.myst,hs_invertibility_example,qe-math-003,8,0,0
lecture-python-advanced.myst,hs_invertibility_example,qe-ref-001,3,0,0
lecture-python-advanced.myst,hs_invertibility_example,qe-writing-008,9,0,0
lecture-python-advanced.myst,hs_recursive_models,qe-link-002,2,0,0
lecture-python-advanced.myst,hs_recursive_models,qe-math-002,154,0,0
lecture-python-advanced.myst,hs_recursive_models,qe-math-010,26,1,0
lecture-python-advanced.myst,hs_recursive_models,qe-math-011,3,1,0
lecture-python-advanced.myst,hs_recursive_models,qe-ref-001,2,0,0
lecture-python-advanced.myst,hs_recursive_models,qe-writing-001,15,0,0
lecture-python-advanced.myst,hs_recursive_models,qe-writing-004,28,0,0
lecture-python-advanced.myst,hs_recursive_models,qe-writing-006,2,0,0
lecture-python-advanced.myst,hs_recursive_models,qe-writing-008,50,0,0
lecture-python-advanced.myst,info_projection,qe-fig-001,2,0,0
lecture-python-advanced.myst,info_projection,qe-fig-005,2,0,0
lecture-python-advanced.myst,info_projection,qe-math-010,17,1,0
lecture-python-advanced.myst,info_projection,qe-ref-001,1,0,0
lecture-python-advanced.myst,info_projection,qe-writing-001,2,0,0
lecture-python-advanced.myst,irfs_in_hall_model,qe-fig-005,6,0,0
lecture-python-advanced.myst,irfs_in_hall_model,qe-fig-008,12,0,0
lecture-python-advanced.myst,irfs_in_hall_model,qe-math-003,1,0,0
lecture-python-advanced.myst,irfs_in_hall_model,qe-ref-001,1,0,0
lecture-python-advanced.myst,irfs_in_hall_model,qe-writing-001,2,0,0
lecture-python-advanced.myst,irfs_in_hall_model,qe-writing-004,7,0,0
lecture-python-advanced.myst,knowing_forecasts_of_others,qe-fig-010,1,0,0
lecture-python-advanced.myst,knowing_forecasts_of_others,qe-link-002,3,0,0
lecture-python-advanced.myst,knowing_forecasts_of_others,qe-math-003,26,0,0
lecture-python-advanced.myst,knowing_forecasts_of_others,qe-math-010,4,1,0
lecture-python-advanced.myst,knowing_forecasts_of_others,qe-math-011,3,1,0
lecture-python-advanced.myst,knowing_forecasts_of_others,qe-ref-001,7,0,0
lecture-python-advanced.myst,knowing_forecasts_of_others,qe-writing-001,8,0,0
lecture-python-advanced.myst,knowing_forecasts_of_others,qe-writing-004,4,0,0
lecture-python-advanced.myst,knowing_forecasts_of_others,qe-writing-008,144,0,0
lecture-python-advanced.myst,knowing_forecasts_of_others,qe-writing-009,7,1,0
lecture-python-advanced.myst,lqramsey,qe-fig-001,2,0,0
lecture-python-advanced.myst,lqramsey,qe-fig-006,3,0,0
lecture-python-advanced.myst,lqramsey,qe-fig-008,12,0,0
lecture-python-advanced.myst,lqramsey,qe-math-002,10,0,0
lecture-python-advanced.myst,lqramsey,qe-math-010,14,1,0
lecture-python-advanced.myst,lqramsey,qe-writing-008,7,0,0
lecture-python-advanced.myst,lu_tricks,qe-fig-001,1,0,0
lecture-python-advanced.myst,lu_tricks,qe-fig-003,1,0,0
lecture-python-advanced.myst,lu_tricks,qe-link-002,4,0,0
lecture-python-advanced.myst,lu_tricks,qe-math-003,10,0,0
lecture-python-advanced.myst,lu_tricks,qe-writing-001,4,0,0
lecture-python-advanced.myst,lu_tricks,qe-writing-004,6,0,0
lecture-python-advanced.myst,lu_tricks,qe-writing-008,10,0,0
lecture-python-advanced.myst,lucas_asset_pricing_dles,qe-fig-005,5,0,0
lecture-python-advanced.myst,lucas_asset_pricing_dles,qe-fig-008,9,0,0
lecture-python-advanced.myst,lucas_asset_pricing_dles,qe-math-002,6,0,0
lecture-python-advanced.myst,lucas_asset_pricing_dles,qe-math-003,6,0,0
lecture-python-advanced.myst,lucas_asset_pricing_dles,qe-ref-001,2,0,0
lecture-python-advanced.myst,lucas_asset_pricing_dles,qe-writing-008,1,0,0
lecture-python-advanced.myst,lucas_model,qe-fig-001,2,0,0
lecture-python-advanced.myst,lucas_model,qe-fig-002,1,0,0
lecture-python-advanced.myst,lucas_model,qe-fig-005,3,0,0
lecture-python-advanced.myst,lucas_model,qe-fig-008,1,0,0
lecture-python-advanced.myst,lucas_model,qe-link-002,3,0,0
lecture-python-advanced.myst,markov_jump_lq,qe-code-002,8,0,0
lecture-python-advanced.myst,markov_jump_lq,qe-fig-003,6,0,0
lecture-python-advanced.myst,markov_jump_lq,qe-fig-005,2,0,0
lecture-python-advanced.myst,markov_jump_lq,qe-fig-008,12,0,0
lecture-python-advanced.myst,markov_jump_lq,qe-link-002,1,0,0
lecture-python-advanced.myst,markov_jump_lq,qe-math-002,47,0,0
lecture-python-advanced.myst,markov_jump_lq,qe-math-010,2,1,0
lecture-python-advanced.myst,markov_jump_lq,qe-math-011,1,1,0
lecture-python-advanced.myst,markov_jump_lq,qe-ref-001,3,0,0
lecture-python-advanced.myst,markov_jump_lq,qe-writing-008,5,0,0
lecture-python-advanced.myst,markov_jump_lq,qe-writing-009,1,1,0
lecture-python-advanced.myst,match_transport,qe-code-002,5,0,0
lecture-python-advanced.myst,match_transport,qe-fig-001,37,0,0
lecture-python-advanced.myst,match_transport,qe-fig-003,9,0,0
lecture-python-advanced.myst,match_transport,qe-fig-004,4,0,0
lecture-python-advanced.myst,match_transport,qe-fig-005,2,0,0
lecture-python-advanced.myst,match_transport,qe-fig-006,9,0,0
lecture-python-advanced.myst,match_transport,qe-fig-007,11,0,0
lecture-python-advanced.myst,match_transport,qe-fig-008,5,0,0
lecture-python-advanced.myst,match_transport,qe-link-002,4,0,0
lecture-python-advanced.myst,match_transport,qe-ref-001,4,0,0
lecture-python-advanced.myst,match_transport,qe-writing-001,4,0,0
lecture-python-advanced.myst,match_transport,qe-writing-008,133,0,0
lecture-python-advanced.myst,matsuyama,qe-code-003,1,0,0
lecture-python-advanced.myst,matsuyama,qe-fig-001,3,0,0
lecture-python-advanced.myst,matsuyama,qe-fig-002,2,0,0
lecture-python-advanced.myst,matsuyama,qe-fig-003,1,0,0
lecture-python-advanced.myst,matsuyama,qe-fig-005,4,0,0
lecture-python-advanced.myst,matsuyama,qe-link-002,1,0,0
lecture-python-advanced.myst,matsuyama,qe-writing-001,2,0,0
lecture-python-advanced.myst,matsuyama,qe-writing-004,1,0,0
lecture-python-advanced.myst,mcmc,qe-fig-001,1,0,0
lecture-python-advanced.myst,mcmc,qe-fig-005,2,0,0
lecture-python-advanced.myst,mcmc,qe-math-005,3,0,0
lecture-python-advanced.myst,mcmc,qe-math-010,2,1,0
lecture-python-advanced.myst,muth_kalman,qe-fig-003,3,0,0
lecture-python-advanced.myst,muth_kalman,qe-fig-005,4,0,0
lecture-python-advanced.myst,muth_kalman,qe-fig-006,3,0,0
lecture-python-advanced.myst,muth_kalman,qe-fig-008,7,0,0
lecture-python-advanced.myst,muth_kalman,qe-link-002,1,0,0
lecture-python-advanced.myst,muth_kalman,qe-math-010,2,1,0
lecture-python-advanced.myst,muth_kalman,qe-math-011,1,1,0
lecture-python-advanced.myst,muth_kalman,qe-writing-001,1,0,0
lecture-python-advanced.myst,muth_kalman,qe-writing-008,3,0,0
lecture-python-advanced.myst,opt_tax_recur,qe-fig-001,5,0,0
lecture-python-advanced.myst,opt_tax_recur,qe-fig-003,5,0,0
lecture-python-advanced.myst,opt_tax_recur,qe-fig-005,5,0,0
lecture-python-advanced.myst,opt_tax_recur,qe-fig-006,1,0,0
lecture-python-advanced.myst,opt_tax_recur,qe-fig-008,3,0,0
lecture-python-advanced.myst,opt_tax_recur,qe-math-003,2,0,0
lecture-python-advanced.myst,opt_tax_recur,qe-math-010,2,1,0
lecture-python-advanced.myst,opt_tax_recur,qe-ref-001,1,0,0
lecture-python-advanced.myst,opt_tax_recur,qe-writing-001,3,0,0
lecture-python-advanced.myst,opt_tax_recur,qe-writing-008,106,0,0
lecture-python-advanced.myst,orth_proj,qe-fig-002,6,0,0
lecture-python-advanced.myst,orth_proj,qe-fig-005,6,0,0
lecture-python-advanced.myst,orth_proj,qe-link-002,2,0,0
lecture-python-advanced.myst,orth_proj,qe-math-002,52,0,0
lecture-python-advanced.myst,orth_proj,qe-math-003,6,0,0
lecture-python-advanced.myst,orth_proj,qe-writing-001,3,0,0
lecture-python-advanced.myst,orth_proj,qe-writing-004,2,0,0
lecture-python-advanced.myst,orth_proj,qe-writing-008,16,0,0
lecture-python-advanced.myst,permanent_income_dles,qe-fig-001,1,0,0
lecture-python-advanced.myst,permanent_income_dles,qe-fig-005,1,0,0
lecture-python-advanced.myst,permanent_income_dles,qe-fig-008,6,0,0
lecture-python-advanced.myst,permanent_income_dles,qe-link-002,3,0,0
lecture-python-advanced.myst,permanent_income_dles,qe-math-003,9,0,0
lecture-python-advanced.myst,permanent_income_dles,qe-ref-001,2,0,0
lecture-python-advanced.myst,permanent_income_dles,qe-writing-004,7,0,0
lecture-python-advanced.myst,permanent_income_dles,qe-writing-008,3,0,0
lecture-python-advanced.myst,repeat_mh,qe-code-004,2,0,0
lecture-python-advanced.myst,repeat_mh,qe-fig-005,2,0,0
lecture-python-advanced.myst,repeat_mh,qe-math-010,5,1,0
lecture-python-advanced.myst,repeat_mh,qe-writing-001,4,0,0
lecture-python-advanced.myst,repeat_mh,qe-writing-004,5,0,0
lecture-python-advanced.myst,risk_aversion_or_mistaken_beliefs,qe-fig-001,10,0,0
lecture-python-advanced.myst,risk_aversion_or_mistaken_beliefs,qe-fig-002,3,0,0
lecture-python-advanced.myst,risk_aversion_or_mistaken_beliefs,qe-fig-004,2,0,0
lecture-python-advanced.myst,risk_aversion_or_mistaken_beliefs,qe-fig-005,12,0,0
lecture-python-advanced.myst,risk_aversion_or_mistaken_beliefs,qe-fig-006,19,0,0
lecture-python-advanced.myst,risk_aversion_or_mistaken_beliefs,qe-math-010,34,1,0
lecture-python-advanced.myst,risk_aversion_or_mistaken_beliefs,qe-math-011,18,1,0
lecture-python-advanced.myst,risk_aversion_or_mistaken_beliefs,qe-writing-001,2,0,0
lecture-python-advanced.myst,risk_aversion_or_mistaken_beliefs,qe-writing-008,5,0,0
lecture-python-advanced.myst,risk_aversion_or_mistaken_beliefs,qe-writing-009,1,1,0
lecture-python-advanced.myst,rob_markov_perf,qe-code-002,6,0,0
lecture-python-advanced.myst,rob_markov_perf,qe-fig-001,3,0,0
lecture-python-advanced.myst,rob_markov_perf,qe-fig-005,3,0,0
lecture-python-advanced.myst,rob_markov_perf,qe-link-002,6,0,0
lecture-python-advanced.myst,rob_markov_perf,qe-math-002,46,0,0
lecture-python-advanced.myst,rob_markov_perf,qe-math-003,1,0,0
lecture-python-advanced.myst,rob_markov_perf,qe-ref-001,1,0,0
lecture-python-advanced.myst,rob_markov_perf,qe-writing-004,1,0,0
lecture-python-advanced.myst,rob_markov_perf,qe-writing-008,55,0,0
lecture-python-advanced.myst,robustness,qe-code-002,1,0,0
lecture-python-advanced.myst,robustness,qe-fig-002,3,0,0
lecture-python-advanced.myst,robustness,qe-fig-005,4,0,0
lecture-python-advanced.myst,robustness,qe-fig-006,2,0,0
lecture-python-advanced.myst,robustness,qe-fig-008,1,0,0
lecture-python-advanced.myst,robustness,qe-link-002,9,0,0
lecture-python-advanced.myst,robustness,qe-math-002,117,0,0
lecture-python-advanced.myst,robustness,qe-math-004,13,0,0
lecture-python-advanced.myst,robustness,qe-math-010,1,1,0
lecture-python-advanced.myst,robustness,qe-writing-001,2,0,0
lecture-python-advanced.myst,robustness,qe-writing-006,1,0,0
lecture-python-advanced.myst,robustness,qe-writing-008,35,0,0
lecture-python-advanced.myst,rosen_schooling_model,qe-fig-001,4,0,0
lecture-python-advanced.myst,rosen_schooling_model,qe-fig-003,4,0,0
lecture-python-advanced.myst,rosen_schooling_model,qe-fig-005,4,0,0
lecture-python-advanced.myst,rosen_schooling_model,qe-fig-008,14,0,0
lecture-python-advanced.myst,rosen_schooling_model,qe-ref-001,1,0,0
lecture-python-advanced.myst,rosen_schooling_model,qe-writing-001,2,0,0
lecture-python-advanced.myst,rosen_schooling_model,qe-writing-008,3,0,0
lecture-python-advanced.myst,smoothing,qe-fig-001,2,0,0
lecture-python-advanced.myst,smoothing,qe-fig-003,4,0,0
lecture-python-advanced.myst,smoothing,qe-fig-005,2,0,0
lecture-python-advanced.myst,smoothing,qe-fig-006,4,0,0
lecture-python-advanced.myst,smoothing,qe-fig-008,10,0,0
lecture-python-advanced.myst,smoothing,qe-link-002,6,0,0
lecture-python-advanced.myst,smoothing,qe-math-002,3,0,0
lecture-python-advanced.myst,smoothing,qe-math-010,15,1,0
lecture-python-advanced.myst,smoothing,qe-math-011,1,1,0
lecture-python-advanced.myst,smoothing,qe-writing-001,2,0,0
lecture-python-advanced.myst,smoothing,qe-writing-004,1,0,0
lecture-python-advanced.myst,smoothing,qe-writing-008,52,0,0
lecture-python-advanced.myst,smoothing_tax,qe-fig-001,2,0,0
lecture-python-advanced.myst,smoothing_tax,qe-fig-003,7,0,0
lecture-python-advanced.myst,smoothing_tax,qe-fig-005,2,0,0
lecture-python-advanced.myst,smoothing_tax,qe-fig-006,9,0,0
lecture-python-advanced.myst,smoothing_tax,qe-fig-008,20,0,0
lecture-python-advanced.myst,smoothing_tax,qe-link-002,1,0,0
lecture-python-advanced.myst,smoothing_tax,qe-math-002,1,0,0
lecture-python-advanced.myst,smoothing_tax,qe-math-010,5,1,0
lecture-python-advanced.myst,smoothing_tax,qe-writing-001,1,0,0
lecture-python-advanced.myst,smoothing_tax,qe-writing-004,1,0,0
lecture-python-advanced.myst,smoothing_tax,qe-writing-008,60,0,0
lecture-python-advanced.myst,stationary_densities,qe-code-002,4,0,0
lecture-python-advanced.myst,stationary_densities,qe-fig-001,2,0,0
lecture-python-advanced.myst,stationary_densities,qe-fig-002,2,0,0
lecture-python-advanced.myst,stationary_densities,qe-fig-004,1,0,0
lecture-python-advanced.myst,stationary_densities,qe-fig-005,6,0,0
lecture-python-advanced.myst,stationary_densities,qe-link-002,7,0,0
lecture-python-advanced.myst,stationary_densities,qe-math-010,5,1,0
lecture-python-advanced.myst,stationary_densities,qe-ref-001,1,0,0
lecture-python-advanced.myst,stationary_densities,qe-writing-001,4,0,0
lecture-python-advanced.myst,stationary_densities,qe-writing-008,12,0,0
lecture-python-advanced.myst,subjective_beliefs_business_cycles,qe-code-002,1,0,0
lecture-python-advanced.myst,subjective_beliefs_business_cycles,qe-fig-001,5,0,0
lecture-python-advanced.myst,subjective_beliefs_business_cycles,qe-fig-004,1,0,0
lecture-python-advanced.myst,subjective_beliefs_business_cycles,qe-fig-005,2,0,0
lecture-python-advanced.myst,subjective_beliefs_business_cycles,qe-math-002,40,0,0
lecture-python-advanced.myst,subjective_beliefs_business_cycles,qe-math-010,38,1,0
lecture-python-advanced.myst,subjective_beliefs_business_cycles,qe-ref-001,1,0,0
lecture-python-advanced.myst,subjective_beliefs_business_cycles,qe-writing-001,2,0,0
lecture-python-advanced.myst,subjective_beliefs_business_cycles,qe-writing-004,8,0,0
lecture-python-advanced.myst,subjective_beliefs_business_cycles,qe-writing-006,1,0,0
lecture-python-advanced.myst,subjective_beliefs_business_cycles,qe-writing-009,1,1,0
lecture-python-advanced.myst,supply_demand_var,qe-code-002,3,0,0
lecture-python-advanced.myst,supply_demand_var,qe-fig-001,3,0,0
lecture-python-advanced.myst,supply_demand_var,qe-fig-003,4,0,0
lecture-python-advanced.myst,supply_demand_var,qe-fig-005,3,0,0
lecture-python-advanced.myst,supply_demand_var,qe-fig-008,10,0,0
lecture-python-advanced.myst,tax_smoothing_1,qe-code-002,2,0,0
lecture-python-advanced.myst,tax_smoothing_1,qe-code-003,1,0,0
lecture-python-advanced.myst,tax_smoothing_1,qe-fig-005,3,0,0
lecture-python-advanced.myst,tax_smoothing_1,qe-fig-006,6,0,0
lecture-python-advanced.myst,tax_smoothing_1,qe-fig-008,3,0,0
lecture-python-advanced.myst,tax_smoothing_1,qe-link-002,1,0,0
lecture-python-advanced.myst,tax_smoothing_1,qe-math-002,11,0,0
lecture-python-advanced.myst,tax_smoothing_1,qe-math-011,1,1,0
lecture-python-advanced.myst,tax_smoothing_1,qe-ref-001,9,0,0
lecture-python-advanced.myst,tax_smoothing_1,qe-writing-008,36,0,0
lecture-python-advanced.myst,tax_smoothing_2,qe-code-002,3,0,0
lecture-python-advanced.myst,tax_smoothing_2,qe-fig-001,3,0,0
lecture-python-advanced.myst,tax_smoothing_2,qe-fig-003,9,0,0
lecture-python-advanced.myst,tax_smoothing_2,qe-fig-005,4,0,0
lecture-python-advanced.myst,tax_smoothing_2,qe-fig-006,9,0,0
lecture-python-advanced.myst,tax_smoothing_2,qe-fig-008,9,0,0
lecture-python-advanced.myst,tax_smoothing_2,qe-math-002,59,0,0
lecture-python-advanced.myst,tax_smoothing_2,qe-math-011,1,1,0
lecture-python-advanced.myst,tax_smoothing_2,qe-ref-001,3,0,0
lecture-python-advanced.myst,tax_smoothing_2,qe-writing-008,19,0,0
lecture-python-advanced.myst,tax_smoothing_3,qe-code-002,2,0,0
lecture-python-advanced.myst,tax_smoothing_3,qe-fig-001,2,0,0
lecture-python-advanced.myst,tax_smoothing_3,qe-fig-003,4,0,0
lecture-python-advanced.myst,tax_smoothing_3,qe-fig-005,2,0,0
lecture-python-advanced.myst,tax_smoothing_3,qe-fig-006,4,0,0
lecture-python-advanced.myst,tax_smoothing_3,qe-fig-008,4,0,0
lecture-python-advanced.myst,tax_smoothing_3,qe-math-011,1,1,0
lecture-python-advanced.myst,tax_smoothing_3,qe-ref-001,2,0,0
lecture-python-advanced.myst,tax_smoothing_3,qe-writing-008,19,0,0
lecture-python-advanced.myst,troubleshooting,qe-fig-005,1,0,0
lecture-python-advanced.myst,troubleshooting,qe-link-002,1,0,0
lecture-python-advanced.myst,troubleshooting,qe-writing-001,1,0,0
lecture-python-advanced.myst,troubleshooting,qe-writing-008,1,0,0
lecture-python-advanced.myst,tsyrennikov_2013,qe-code-003,1,0,0
lecture-python-advanced.myst,tsyrennikov_2013,qe-fig-001,3,0,0
lecture-python-advanced.myst,tsyrennikov_2013,qe-fig-003,6,0,0
lecture-python-advanced.myst,tsyrennikov_2013,qe-fig-004,1,0,0
lecture-python-advanced.myst,tsyrennikov_2013,qe-fig-005,2,0,0
lecture-python-advanced.myst,tsyrennikov_2013,qe-fig-008,1,0,0
lecture-python-advanced.myst,tsyrennikov_2013,qe-math-010,6,1,0
lecture-python-advanced.myst,tsyrennikov_2013,qe-writing-001,4,0,0
lecture-python-advanced.myst,tsyrennikov_2013,qe-writing-008,1,0,0
lecture-python-advanced.myst,tsyrennikov_2013,qe-writing-009,2,1,0
lecture-python-advanced.myst,un_insure,qe-fig-001,7,0,0
lecture-python-advanced.myst,un_insure,qe-fig-003,2,0,0
lecture-python-advanced.myst,un_insure,qe-fig-005,1,0,0
lecture-python-advanced.myst,un_insure,qe-fig-006,3,0,0
lecture-python-advanced.myst,un_insure,qe-fig-008,6,0,0
lecture-python-advanced.myst,un_insure,qe-ref-001,1,0,0
lecture-python-advanced.myst,un_insure,qe-writing-004,1,0,0
lecture-python-advanced.myst,un_insure,qe-writing-008,107,0,0
lecture-dp,amss,qe-code-004,2,0,0
lecture-dp,amss,qe-fig-001,3,0,0
lecture-dp,amss,qe-fig-003,3,0,0
lecture-dp,amss,qe-fig-005,3,0,0
lecture-dp,amss,qe-fig-008,3,0,0
lecture-dp,amss,qe-math-003,2,0,0
lecture-dp,amss,qe-math-010,16,1,0
lecture-dp,amss,qe-writing-001,2,0,0
lecture-dp,amss,qe-writing-008,67,0,0
lecture-dp,amss2,qe-fig-001,2,0,0
lecture-dp,amss2,qe-fig-003,2,0,0
lecture-dp,amss2,qe-fig-005,2,0,0
lecture-dp,amss2,qe-fig-008,2,0,0
lecture-dp,amss2,qe-ref-001,2,0,0
lecture-dp,amss2,qe-writing-008,79,0,0
lecture-dp,amss3,qe-fig-001,2,0,0
lecture-dp,amss3,qe-fig-002,3,0,0
lecture-dp,amss3,qe-fig-003,3,0,0
lecture-dp,amss3,qe-fig-005,5,0,0
lecture-dp,amss3,qe-fig-008,3,0,0
lecture-dp,amss3,qe-math-013,1,1,0
lecture-dp,amss3,qe-ref-001,5,0,0
lecture-dp,amss3,qe-writing-008,69,0,0
lecture-dp,calvo,qe-code-002,1,0,0
lecture-dp,calvo,qe-fig-001,5,0,0
lecture-dp,calvo,qe-fig-003,2,0,0
lecture-dp,calvo,qe-fig-008,1,0,0
lecture-dp,calvo,qe-link-002,4,0,0
lecture-dp,calvo,qe-math-002,10,0,0
lecture-dp,calvo,qe-ref-001,3,0,0
lecture-dp,calvo,qe-writing-001,2,0,0
lecture-dp,calvo,qe-writing-004,4,0,0
lecture-dp,calvo,qe-writing-008,242,0,0
lecture-dp,calvo_abreu,qe-code-002,1,0,0
lecture-dp,calvo_abreu,qe-code-003,1,0,0
lecture-dp,calvo_abreu,qe-fig-001,1,0,0
lecture-dp,calvo_abreu,qe-fig-008,2,0,0
lecture-dp,calvo_abreu,qe-math-004,1,0,0
lecture-dp,calvo_abreu,qe-ref-001,2,0,0
lecture-dp,calvo_abreu,qe-writing-001,1,0,0
lecture-dp,calvo_abreu,qe-writing-008,94,0,0
lecture-dp,calvo_machine_learn,qe-code-002,1,0,0
lecture-dp,calvo_machine_learn,qe-code-003,4,0,0
lecture-dp,calvo_machine_learn,qe-code-004,2,0,0
lecture-dp,calvo_machine_learn,qe-fig-005,4,0,0
lecture-dp,calvo_machine_learn,qe-fig-008,3,0,0
lecture-dp,calvo_machine_learn,qe-math-002,13,0,0
lecture-dp,calvo_machine_learn,qe-math-004,4,0,0
lecture-dp,calvo_machine_learn,qe-math-013,1,1,0
lecture-dp,calvo_machine_learn,qe-writing-001,1,0,0
lecture-dp,calvo_machine_learn,qe-writing-008,193,0,0
lecture-dp,career,qe-code-002,3,0,0
lecture-dp,career,qe-fig-001,5,0,0
lecture-dp,career,qe-fig-002,1,0,0
lecture-dp,career,qe-fig-005,6,0,0
lecture-dp,career,qe-fig-008,3,0,0
lecture-dp,career,qe-writing-006,1,0,0
lecture-dp,career,qe-writing-008,2,0,0
lecture-dp,chang_credible,qe-fig-001,1,0,0
lecture-dp,chang_credible,qe-writing-001,5,0,0
lecture-dp,chang_credible,qe-writing-004,2,0,0
lecture-dp,chang_credible,qe-writing-008,21,0,0
lecture-dp,chang_ramsey,qe-fig-001,5,0,0
lecture-dp,chang_ramsey,qe-fig-003,3,0,0
lecture-dp,chang_ramsey,qe-fig-005,2,0,0
lecture-dp,chang_ramsey,qe-fig-008,5,0,0
lecture-dp,chang_ramsey,qe-ref-001,2,0,0
lecture-dp,chang_ramsey,qe-writing-001,2,0,0
lecture-dp,chang_ramsey,qe-writing-004,2,0,0
lecture-dp,chang_ramsey,qe-writing-008,26,0,0
lecture-dp,cons_news,qe-code-002,2,0,0
lecture-dp,cons_news,qe-fig-003,4,0,0
lecture-dp,cons_news,qe-fig-005,4,0,0
lecture-dp,cons_news,qe-fig-008,11,0,0
lecture-dp,cons_news,qe-link-002,7,0,0
lecture-dp,cons_news,qe-math-003,17,0,0
lecture-dp,cons_news,qe-math-010,4,1,0
lecture-dp,cons_news,qe-writing-004,8,0,0
lecture-dp,cons_news,qe-writing-008,52,0,0
lecture-dp,cons_news,qe-writing-009,4,1,0
lecture-dp,cross_product_trick,qe-math-002,52,0,0
lecture-dp,cross_product_trick,qe-math-006,5,0,1
lecture-dp,cross_product_trick,qe-math-013,1,1,0
lecture-dp,cross_product_trick,qe-writing-006,2,0,0
lecture-dp,cross_product_trick,qe-writing-008,24,0,0
lecture-dp,cross_product_trick,qe-writing-009,1,1,0
lecture-dp,discrete_dp,qe-code-002,2,0,0
lecture-dp,discrete_dp,qe-code-005,3,0,0
lecture-dp,discrete_dp,qe-fig-001,4,0,0
lecture-dp,discrete_dp,qe-fig-002,2,0,0
lecture-dp,discrete_dp,qe-fig-003,1,0,0
lecture-dp,discrete_dp,qe-fig-005,6,0,0
lecture-dp,discrete_dp,qe-link-002,10,0,0
lecture-dp,discrete_dp,qe-math-004,1,0,0
lecture-dp,discrete_dp,qe-math-008,1,0,0
lecture-dp,discrete_dp,qe-math-010,1,1,0
lecture-dp,discrete_dp,qe-ref-001,1,0,0
lecture-dp,discrete_dp,qe-writing-001,1,0,0
lecture-dp,discrete_dp,qe-writing-008,4,0,0
lecture-dp,dyn_stack,qe-code-002,4,0,0
lecture-dp,dyn_stack,qe-fig-001,3,0,0
lecture-dp,dyn_stack,qe-fig-003,6,0,0
lecture-dp,dyn_stack,qe-fig-005,6,0,0
lecture-dp,dyn_stack,qe-fig-008,13,0,0
lecture-dp,dyn_stack,qe-link-002,5,0,0
lecture-dp,dyn_stack,qe-math-002,25,0,0
lecture-dp,dyn_stack,qe-writing-004,1,0,0
lecture-dp,dyn_stack,qe-writing-008,30,0,0
lecture-dp,ifp_advanced,qe-code-002,2,0,0
lecture-dp,ifp_advanced,qe-code-003,1,0,0
lecture-dp,ifp_advanced,qe-fig-001,3,0,0
lecture-dp,ifp_advanced,qe-fig-003,1,0,0
lecture-dp,ifp_advanced,qe-fig-005,3,0,0
lecture-dp,ifp_advanced,qe-math-004,3,0,0
lecture-dp,ifp_advanced,qe-math-007,1,0,0
lecture-dp,ifp_advanced,qe-math-010,10,1,0
lecture-dp,ifp_advanced,qe-ref-001,2,0,0
lecture-dp,ifp_advanced,qe-writing-001,2,0,0
lecture-dp,ifp_advanced,qe-writing-006,9,0,0
lecture-dp,ifp_advanced,qe-writing-008,1,0,0
lecture-dp,ifp_discrete,qe-code-002,2,0,0
lecture-dp,ifp_discrete,qe-code-004,10,0,0
lecture-dp,ifp_discrete,qe-fig-005,1,0,0
lecture-dp,ifp_discrete,qe-fig-008,1,0,0
lecture-dp,ifp_discrete,qe-math-001,2,0,0
lecture-dp,ifp_discrete,qe-math-005,1,0,0
lecture-dp,ifp_discrete,qe-writing-006,2,0,0
lecture-dp,ifp_egm,qe-code-004,6,0,0
lecture-dp,ifp_egm,qe-fig-003,1,0,0
lecture-dp,ifp_egm,qe-fig-005,5,0,0
lecture-dp,ifp_egm,qe-fig-008,8,0,0
lecture-dp,ifp_egm,qe-writing-006,9,0,0
lecture-dp,ifp_egm,qe-writing-008,3,0,0
lecture-dp,ifp_egm_transient_shocks,qe-code-004,6,0,0
lecture-dp,ifp_egm_transient_shocks,qe-fig-001,1,0,0
lecture-dp,ifp_egm_transient_shocks,qe-fig-003,3,0,0
lecture-dp,ifp_egm_transient_shocks,qe-fig-005,7,0,0
lecture-dp,ifp_egm_transient_shocks,qe-fig-008,10,0,0
lecture-dp,ifp_egm_transient_shocks,qe-ref-001,1,0,0
lecture-dp,ifp_egm_transient_shocks,qe-writing-006,8,0,0
lecture-dp,ifp_egm_transient_shocks,qe-writing-008,2,0,0
lecture-dp,ifp_opi,qe-code-002,2,0,0
lecture-dp,ifp_opi,qe-code-004,14,0,0
lecture-dp,ifp_opi,qe-code-005,1,0,0
lecture-dp,ifp_opi,qe-fig-001,1,0,0
lecture-dp,ifp_opi,qe-fig-003,3,0,0
lecture-dp,ifp_opi,qe-fig-005,2,0,0
lecture-dp,ifp_opi,qe-fig-008,3,0,0
lecture-dp,ifp_opi,qe-link-002,1,0,0
lecture-dp,ifp_opi,qe-writing-006,5,0,0
lecture-dp,inventory_q,qe-fig-001,2,0,0
lecture-dp,inventory_q,qe-fig-003,4,0,0
lecture-dp,inventory_q,qe-fig-005,2,0,0
lecture-dp,inventory_q,qe-fig-008,7,0,0
lecture-dp,inventory_q,qe-math-005,3,0,0
lecture-dp,inventory_q,qe-math-010,3,1,0
lecture-dp,inventory_q,qe-writing-001,3,0,0
lecture-dp,inventory_q,qe-writing-006,2,0,0
lecture-dp,inventory_q,qe-writing-008,1,0,0
lecture-dp,jv,qe-fig-001,3,0,0
lecture-dp,jv,qe-fig-003,1,0,0
lecture-dp,jv,qe-fig-005,3,0,0
lecture-dp,jv,qe-fig-008,4,0,0
lecture-dp,jv,qe-ref-001,1,0,0
lecture-dp,jv,qe-writing-001,1,0,0
lecture-dp,jv,qe-writing-006,3,0,0
lecture-dp,jv,qe-writing-008,3,0,0
lecture-dp,lagrangian_lqdp,qe-code-002,1,0,0
lecture-dp,lagrangian_lqdp,qe-code-005,2,0,0
lecture-dp,lagrangian_lqdp,qe-link-002,5,0,0
lecture-dp,lagrangian_lqdp,qe-math-002,69,0,0
lecture-dp,lagrangian_lqdp,qe-math-003,6,0,0
lecture-dp,lagrangian_lqdp,qe-writing-001,1,0,0
lecture-dp,lagrangian_lqdp,qe-writing-004,3,0,0
lecture-dp,lagrangian_lqdp,qe-writing-006,7,0,0
lecture-dp,lagrangian_lqdp,qe-writing-008,72,0,0
lecture-dp,lq_inventories,qe-code-002,1,0,0
lecture-dp,lq_inventories,qe-fig-001,1,0,0
lecture-dp,lq_inventories,qe-fig-003,4,0,0
lecture-dp,lq_inventories,qe-fig-008,10,0,0
lecture-dp,lq_inventories,qe-math-002,15,0,0
lecture-dp,lq_inventories,qe-math-003,17,0,0
lecture-dp,lq_inventories,qe-writing-001,4,0,0
lecture-dp,lq_inventories,qe-writing-006,2,0,0
lecture-dp,lq_inventories,qe-writing-008,4,0,0
lecture-dp,lqcontrol,qe-code-002,6,0,0
lecture-dp,lqcontrol,qe-fig-001,5,0,0
lecture-dp,lqcontrol,qe-fig-002,5,0,0
lecture-dp,lqcontrol,qe-fig-005,10,0,0
lecture-dp,lqcontrol,qe-fig-006,4,0,0
lecture-dp,lqcontrol,qe-fig-008,18,0,0
lecture-dp,lqcontrol,qe-link-002,2,0,0
lecture-dp,lqcontrol,qe-math-002,85,0,0
lecture-dp,lqcontrol,qe-math-003,17,0,0
lecture-dp,lqcontrol,qe-math-010,15,1,0
lecture-dp,lqcontrol,qe-writing-001,1,0,0
lecture-dp,lqcontrol,qe-writing-006,13,0,0
lecture-dp,lqcontrol,qe-writing-008,12,0,0
lecture-dp,lqramsey,qe-fig-001,2,0,0
lecture-dp,lqramsey,qe-fig-006,3,0,0
lecture-dp,lqramsey,qe-fig-008,12,0,0
lecture-dp,lqramsey,qe-math-002,10,0,0
lecture-dp,lqramsey,qe-math-010,14,1,0
lecture-dp,lqramsey,qe-writing-008,7,0,0
lecture-dp,markov_jump_lq,qe-code-002,8,0,0
lecture-dp,markov_jump_lq,qe-fig-003,6,0,0
lecture-dp,markov_jump_lq,qe-fig-005,2,0,0
lecture-dp,markov_jump_lq,qe-fig-008,12,0,0
lecture-dp,markov_jump_lq,qe-link-002,1,0,0
lecture-dp,markov_jump_lq,qe-math-002,47,0,0
lecture-dp,markov_jump_lq,qe-math-010,2,1,0
lecture-dp,markov_jump_lq,qe-math-011,1,1,0
lecture-dp,markov_jump_lq,qe-ref-001,3,0,0
lecture-dp,markov_jump_lq,qe-writing-008,5,0,0
lecture-dp,markov_jump_lq,qe-writing-009,1,1,0
lecture-dp,mccall_fitted_vfi,qe-fig-001,5,0,0
lecture-dp,mccall_fitted_vfi,qe-fig-003,4,0,0
lecture-dp,mccall_fitted_vfi,qe-fig-005,6,0,0
lecture-dp,mccall_fitted_vfi,qe-fig-008,3,0,0
lecture-dp,mccall_fitted_vfi,qe-math-004,2,0,0
lecture-dp,mccall_fitted_vfi,qe-ref-001,1,0,0
lecture-dp,mccall_fitted_vfi,qe-writing-001,1,0,0
lecture-dp,mccall_model,qe-fig-003,2,0,0
lecture-dp,mccall_model,qe-fig-005,8,0,0
lecture-dp,mccall_model,qe-fig-008,2,0,0
lecture-dp,mccall_model,qe-link-002,2,0,0
lecture-dp,mccall_model,qe-math-001,1,0,0
lecture-dp,mccall_model,qe-math-008,1,0,0
lecture-dp,mccall_model,qe-math-010,1,1,0
lecture-dp,mccall_model,qe-writing-001,1,0,0
lecture-dp,mccall_model,qe-writing-006,12,0,0
lecture-dp,mccall_model,qe-writing-008,6,0,0
lecture-dp,mccall_model_with_sep_markov,qe-fig-001,5,0,0
lecture-dp,mccall_model_with_sep_markov,qe-fig-003,4,0,0
lecture-dp,mccall_model_with_sep_markov,qe-fig-005,5,0,0
lecture-dp,mccall_model_with_sep_markov,qe-writing-001,1,0,0
lecture-dp,mccall_model_with_sep_markov,qe-writing-009,1,1,0
lecture-dp,mccall_model_with_separation,qe-code-003,1,0,0
lecture-dp,mccall_model_with_separation,qe-fig-005,4,0,0
lecture-dp,mccall_model_with_separation,qe-math-010,1,1,0
lecture-dp,mccall_model_with_separation,qe-writing-008,1,0,0
lecture-dp,mccall_persist_trans,qe-fig-005,4,0,0
lecture-dp,mccall_persist_trans,qe-fig-008,4,0,0
lecture-dp,mccall_persist_trans,qe-math-010,5,1,0
lecture-dp,mccall_q,qe-fig-001,5,0,0
lecture-dp,mccall_q,qe-fig-005,4,0,0
lecture-dp,mccall_q,qe-fig-008,7,0,0
lecture-dp,mccall_q,qe-math-002,1,0,0
lecture-dp,mccall_q,qe-ref-001,1,0,0
lecture-dp,mccall_q,qe-writing-001,1,0,0
lecture-dp,mccall_q,qe-writing-004,1,0,0
lecture-dp,mccall_q,qe-writing-006,5,0,0
lecture-dp,mccall_q,qe-writing-008,83,0,0
lecture-dp,odu,qe-code-002,8,0,0
lecture-dp,odu,qe-fig-001,7,0,0
lecture-dp,odu,qe-fig-003,3,0,0
lecture-dp,odu,qe-fig-005,5,0,0
lecture-dp,odu,qe-fig-006,1,0,0
lecture-dp,odu,qe-fig-008,9,0,0
lecture-dp,odu,qe-link-002,4,0,0
lecture-dp,odu,qe-ref-001,1,0,0
lecture-dp,odu,qe-writing-004,1,0,0
lecture-dp,odu,qe-writing-006,7,0,0
lecture-dp,odu,qe-writing-008,23,0,0
lecture-dp,opt_tax_recur,qe-fig-001,5,0,0
lecture-dp,opt_tax_recur,qe-fig-003,5,0,0
lecture-dp,opt_tax_recur,qe-fig-005,5,0,0
lecture-dp,opt_tax_recur,qe-fig-006,1,0,0
lecture-dp,opt_tax_recur,qe-fig-008,3,0,0
lecture-dp,opt_tax_recur,qe-math-003,2,0,0
lecture-dp,opt_tax_recur,qe-math-010,2,1,0
lecture-dp,opt_tax_recur,qe-ref-001,1,0,0
lecture-dp,opt_tax_recur,qe-writing-001,3,0,0
lecture-dp,opt_tax_recur,qe-writing-008,106,0,0
lecture-dp,os,qe-fig-005,2,0,0
lecture-dp,os,qe-fig-008,4,0,0
lecture-dp,os,qe-writing-001,2,0,0
lecture-dp,os,qe-writing-004,1,0,0
lecture-dp,os_egm,qe-code-002,2,0,0
lecture-dp,os_egm,qe-code-003,1,0,0
lecture-dp,os_egm,qe-fig-005,1,0,0
lecture-dp,os_egm,qe-writing-006,4,0,0
lecture-dp,os_egm,qe-writing-008,2,0,0
lecture-dp,os_egm_jax,qe-code-002,2,0,0
lecture-dp,os_egm_jax,qe-code-003,1,0,0
lecture-dp,os_egm_jax,qe-fig-005,2,0,0
lecture-dp,os_egm_jax,qe-fig-006,2,0,0
lecture-dp,os_egm_jax,qe-fig-008,1,0,0
lecture-dp,os_numerical,qe-fig-003,3,0,0
lecture-dp,os_numerical,qe-fig-005,6,0,0
lecture-dp,os_numerical,qe-fig-008,7,0,0
lecture-dp,os_numerical,qe-writing-006,5,0,0
lecture-dp,os_numerical,qe-writing-008,1,0,0
lecture-dp,os_stochastic,qe-code-004,1,0,0
lecture-dp,os_stochastic,qe-fig-005,5,0,0
lecture-dp,os_stochastic,qe-link-002,3,0,0
lecture-dp,os_stochastic,qe-math-010,4,1,0
lecture-dp,os_stochastic,qe-writing-004,1,0,0
lecture-dp,os_stochastic,qe-writing-006,11,0,0
lecture-dp,os_stochastic,qe-writing-008,1,0,0
lecture-dp,os_time_iter,qe-code-004,1,0,0
lecture-dp,os_time_iter,qe-fig-005,3,0,0
lecture-dp,os_time_iter,qe-fig-008,3,0,0
lecture-dp,os_time_iter,qe-math-001,2,0,0
lecture-dp,os_time_iter,qe-math-002,8,0,0
lecture-dp,os_time_iter,qe-ref-001,1,0,0
lecture-dp,os_time_iter,qe-writing-006,4,0,0
lecture-dp,perm_income,qe-fig-001,3,0,0
lecture-dp,perm_income,qe-fig-003,1,0,0
lecture-dp,perm_income,qe-fig-005,3,0,0
lecture-dp,perm_income,qe-fig-006,1,0,0
lecture-dp,perm_income,qe-fig-008,5,0,0
lecture-dp,perm_income,qe-math-002,8,0,0
lecture-dp,perm_income,qe-math-010,3,1,0
lecture-dp,perm_income,qe-ref-001,3,0,0
lecture-dp,perm_income,qe-writing-001,4,0,0
lecture-dp,perm_income,qe-writing-006,15,0,0
lecture-dp,perm_income,qe-writing-008,29,0,0
lecture-dp,perm_income_cons,qe-code-002,1,0,0
lecture-dp,perm_income_cons,qe-fig-001,3,0,0
lecture-dp,perm_income_cons,qe-fig-003,3,0,0
lecture-dp,perm_income_cons,qe-fig-005,6,0,0
lecture-dp,perm_income_cons,qe-fig-008,12,0,0
lecture-dp,perm_income_cons,qe-link-002,1,0,0
lecture-dp,perm_income_cons,qe-math-002,8,0,0
lecture-dp,perm_income_cons,qe-math-010,2,1,0
lecture-dp,perm_income_cons,qe-writing-006,12,0,0
lecture-dp,perm_income_cons,qe-writing-008,19,0,0
lecture-dp,rs_inventory_q,qe-fig-001,4,0,0
lecture-dp,rs_inventory_q,qe-fig-003,7,0,0
lecture-dp,rs_inventory_q,qe-fig-005,4,0,0
lecture-dp,rs_inventory_q,qe-fig-008,9,0,0
lecture-dp,rs_inventory_q,qe-math-010,5,1,0
lecture-dp,rs_inventory_q,qe-writing-001,2,0,0
lecture-dp,rs_inventory_q,qe-writing-004,1,0,0
lecture-dp,rs_inventory_q,qe-writing-006,3,0,0
lecture-dp,rs_inventory_q,qe-writing-008,1,0,0
lecture-dp,short_path,qe-fig-002,4,0,0
lecture-dp,short_path,qe-fig-005,4,0,0
lecture-dp,smoothing,qe-fig-001,2,0,0
lecture-dp,smoothing,qe-fig-003,4,0,0
lecture-dp,smoothing,qe-fig-005,2,0,0
lecture-dp,smoothing,qe-fig-006,4,0,0
lecture-dp,smoothing,qe-fig-008,10,0,0
lecture-dp,smoothing,qe-link-002,6,0,0
lecture-dp,smoothing,qe-math-002,3,0,0
lecture-dp,smoothing,qe-math-010,15,1,0
lecture-dp,smoothing,qe-math-011,1,1,0
lecture-dp,smoothing,qe-writing-001,2,0,0
lecture-dp,smoothing,qe-writing-004,1,0,0
lecture-dp,smoothing,qe-writing-008,52,0,0
lecture-dp,smoothing_tax,qe-fig-001,2,0,0
lecture-dp,smoothing_tax,qe-fig-003,7,0,0
lecture-dp,smoothing_tax,qe-fig-005,2,0,0
lecture-dp,smoothing_tax,qe-fig-006,9,0,0
lecture-dp,smoothing_tax,qe-fig-008,20,0,0
lecture-dp,smoothing_tax,qe-link-002,1,0,0
lecture-dp,smoothing_tax,qe-math-002,1,0,0
lecture-dp,smoothing_tax,qe-math-010,5,1,0
lecture-dp,smoothing_tax,qe-writing-001,1,0,0
lecture-dp,smoothing_tax,qe-writing-004,1,0,0
lecture-dp,smoothing_tax,qe-writing-008,60,0,0
lecture-dp,tax_smoothing_1,qe-code-002,2,0,0
lecture-dp,tax_smoothing_1,qe-code-003,1,0,0
lecture-dp,tax_smoothing_1,qe-fig-005,3,0,0
lecture-dp,tax_smoothing_1,qe-fig-006,6,0,0
lecture-dp,tax_smoothing_1,qe-fig-008,3,0,0
lecture-dp,tax_smoothing_1,qe-link-002,1,0,0
lecture-dp,tax_smoothing_1,qe-math-002,11,0,0
lecture-dp,tax_smoothing_1,qe-math-011,1,1,0
lecture-dp,tax_smoothing_1,qe-ref-001,9,0,0
lecture-dp,tax_smoothing_1,qe-writing-008,36,0,0
lecture-dp,tax_smoothing_2,qe-code-002,3,0,0
lecture-dp,tax_smoothing_2,qe-fig-001,3,0,0
lecture-dp,tax_smoothing_2,qe-fig-003,9,0,0
lecture-dp,tax_smoothing_2,qe-fig-005,4,0,0
lecture-dp,tax_smoothing_2,qe-fig-006,9,0,0
lecture-dp,tax_smoothing_2,qe-fig-008,9,0,0
lecture-dp,tax_smoothing_2,qe-math-002,59,0,0
lecture-dp,tax_smoothing_2,qe-math-011,1,1,0
lecture-dp,tax_smoothing_2,qe-ref-001,3,0,0
lecture-dp,tax_smoothing_2,qe-writing-008,19,0,0
lecture-dp,tax_smoothing_3,qe-code-002,2,0,0
lecture-dp,tax_smoothing_3,qe-fig-001,2,0,0
lecture-dp,tax_smoothing_3,qe-fig-003,4,0,0
lecture-dp,tax_smoothing_3,qe-fig-005,2,0,0
lecture-dp,tax_smoothing_3,qe-fig-006,4,0,0
lecture-dp,tax_smoothing_3,qe-fig-008,4,0,0
lecture-dp,tax_smoothing_3,qe-math-011,1,1,0
lecture-dp,tax_smoothing_3,qe-ref-001,2,0,0
lecture-dp,tax_smoothing_3,qe-writing-008,19,0,0
lecture-dp,un_insure,qe-fig-001,7,0,0
lecture-dp,un_insure,qe-fig-003,2,0,0
lecture-dp,un_insure,qe-fig-005,1,0,0
lecture-dp,un_insure,qe-fig-006,3,0,0
lecture-dp,un_insure,qe-fig-008,6,0,0
lecture-dp,un_insure,qe-ref-001,1,0,0
lecture-dp,un_insure,qe-writing-004,1,0,0
lecture-dp,un_insure,qe-writing-008,107,0,0
